file_name,build_time,count_time
10random,0.019381,0.11171
2bitcomp_5,0.162618,0.513445
2bitmax_6,1.245652,4.32402
2bitmax_6_1,1.377556,7.588328
3blocks,0.102637,0.171317
4blocks,3.733575,2.491846
4blocksb,0.154454,0.495875
4step,0.00148,0.063342
50-10-1-q,1.576687,3.381024
50-10-10-q,0.869795,2.397729
50-10-2-q,8.802412,20.303281
50-10-3-q,3.495928,9.091758
50-10-4-q,0.725639,1.520541
50-10-5-q,0.703563,1.819581
50-10-6-q,2.44948,5.834882
50-10-7-q,1.523849,3.622584
50-10-8-q,1.352014,2.895991
50-10-9-q,2.058421,4.808377
50-12-1-q,22.658059,55.027946
50-12-10-q,33.450024,83.43807
50-12-2-q,3.690747,10.211389
50-12-3-q,14.946993,36.917279
50-12-4-q,16.630011,45.790167
50-12-5-q,21.600227,53.088597
50-12-6-q,4.64534,11.060593
50-12-7-q,22.104583,47.865528
50-12-8-q,22.100115,49.364659
50-12-9-q,18.566358,42.281032
50-14-1-q,86.193162,191.246908
50-14-10-q,62.803565,163.730466
50-14-2-q,73.498959,174.208393
50-14-3-q,85.197654,180.713099
50-14-4-q,28.780926,74.157261
50-14-5-q,87.823508,180.0329
50-14-6-q,50.84574,119.61976
50-14-7-q,47.913219,124.810371
50-14-8-q,23.261701,67.392481
50-14-9-q,67.021827,155.21919
50-16-1-q,-1.0,-1.0
50-16-10-q,-1.0,-1.0
50-16-2-q,-1.0,-1.0
50-16-3-q,197.186937,387.469852
50-16-4-q,-1.0,-1.0
50-16-5-q,-1.0,-1.0
50-16-6-q,145.577643,251.650833
50-16-7-q,260.113336,641.11126
50-16-8-q,-1.0,-1.0
50-16-9-q,-1.0,-1.0
50-18-2-q,-1.0,-1.0
50-18-3-q,417.350222,999.595961
50-18-4-q,-1.0,-1.0
50-18-4-q.nnf,-1.0,-1.0
50-18-5-q,-1.0,-1.0
50-18-5-q.nnf,-1.0,-1.0
50-18-6-q,-1.0,-1.0
50-18-8-q,-1.0,-1.0
50-18-8-q.nnf,-1.0,-1.0
50-18-9-q,-1.0,-1.0
50-18-9-q.nnf,-1.0,-1.0
5step,0.000678,0.067685
75-10-1-q,0.009045,0.121444
75-10-10-q,0.006961,0.116119
75-10-2-q,0.198954,0.52054
75-10-3-q,-1.0,-1.0
75-10-4-q,0.024771,0.154474
75-10-5-q,0.088114,0.288722
75-10-6-q,0.03125,0.194717
75-10-7-q,0.036244,0.190843
75-10-8-q,0.201205,0.822994
75-10-9-q,0.133238,0.461467
75-12-1-q,1.103791,1.76192
75-12-10-q,0.175904,0.502804
75-12-2-q,0.131986,0.434916
75-12-3-q,0.684221,1.746479
75-12-4-q,0.138929,0.471318
75-12-5-q,0.502664,1.179924
75-12-6-q,0.444708,0.979555
75-12-7-q,0.441852,1.196573
75-12-8-q,0.810642,1.773221
75-12-9-q,0.23053,0.603022
75-14-1-q,0.392134,0.958144
75-14-10-q,4.077481,8.886068
75-14-2-q,0.398777,0.959692
75-14-3-q,3.571956,9.497882
75-14-4-q,1.132716,2.512868
75-14-5-q,1.774331,2.93426
75-14-6-q,5.8225,14.850613
75-14-7-q,1.407897,2.784688
75-14-8-q,1.690501,3.377339
75-14-9-q,8.013589,15.417862
75-15-1-q,2.08484,3.734677
75-15-10-q,4.598538,11.372644
75-15-2-q,1.901254,4.169136
75-15-3-q,9.091965,22.682864
75-15-4-q,0.252863,0.725435
75-15-5-q,-1.0,-1.0
75-15-6-q,4.928696,9.605513
75-15-7-q,10.604654,23.882869
75-15-8-q,3.807877,5.476565
75-15-9-q,1.085314,2.350959
75-16-1-q,8.296384,21.172889
75-16-10-q,67.533977,89.898071
75-16-2-q,30.149112,51.199438
75-16-3-q,11.57198,26.547911
75-16-4-q,28.898743,66.985516
75-16-5-q,2.569811,6.475163
75-16-6-q,1.533919,3.783157
75-16-7-q,30.057981,37.933247
75-16-8-q,6.310624,23.528218
75-16-9-q,68.951596,135.339387
75-17-1-q,17.702519,40.672965
75-17-10-q,4.200861,6.323201
75-17-2-q,2.497933,3.892126
75-17-3-q,112.246887,253.654003
75-17-4-q,13.792861,30.861454
75-17-5-q,3.594894,10.917714
75-17-6-q,14.80784,31.621027
75-17-7-q,17.79272,33.049844
75-17-8-q,11.249194,19.537375
75-17-9-q,17.646111,34.392068
75-18-1-q,14.505425,39.230885
75-18-10-q,28.257184,63.43079
75-18-2-q,74.326374,149.762656
75-18-3-q,108.942934,191.297371
75-18-4-q,5.255622,12.991517
75-18-5-q,10.937247,23.353786
75-18-6-q,27.599171,61.685329
75-18-7-q,12.729521,20.838954
75-18-8-q,27.616871,74.781507
75-18-9-q,20.95494,46.706716
75-19-1-q,110.513026,221.523063
75-19-10-q,127.096554,189.827436
75-19-2-q,89.677068,155.12407
75-19-3-q,71.897318,131.202175
75-19-4-q,200.218719,443.687638
75-19-5-q,24.461733,46.633196
75-19-6-q,172.806633,315.104732
75-19-7-q,64.029978,117.230156
75-19-8-q,323.669914,552.416547
75-19-9-q,43.719318,69.145471
75-20-1-q,71.729327,114.259039
75-20-10-q,72.055268,136.851136
75-20-2-q,155.94128,263.970317
75-20-3-q,153.274448,242.95512
75-20-4-q,99.815894,197.034282
75-20-5-q,70.483287,132.469653
75-20-6-q,173.395972,249.290403
75-20-7-q,-1.0,-1.0
75-20-8-q,83.959436,161.984589
75-20-9-q,33.792795,66.844498
75-21-1-q,30.582483,52.609471
75-21-10-q,239.370493,473.175299
75-21-2-q,24.328934,43.171499
75-21-3-q,160.615959,246.430519
75-21-4-q,244.996277,359.028907
75-21-5-q,56.771639,114.905062
75-21-6-q,344.598649,473.923277
75-21-7-q,238.485429,658.985384
75-21-8-q,63.806145,121.028439
75-21-9-q,-1.0,-1.0
75-22-1-q,299.578453,373.76405
75-22-10-q,154.475084,248.65699
75-22-2-q,-1.0,-1.0
75-22-3-q,234.315548,317.742231
75-22-4-q,-1.0,-1.0
75-22-5-q,457.371225,757.549448
75-22-6-q,-1.0,-1.0
75-22-8-q,185.332533,316.889087
75-22-9-q,136.227139,263.343383
75-23-1-q,66.80258,164.483146
75-23-10-q,334.364918,679.664572
75-23-2-q,-1.0,-1.0
75-23-3-q,-1.0,-1.0
75-23-4-q,602.773985,1171.562113
75-23-4-q.nnf,-1.0,-1.0
75-23-5-q,-1.0,-1.0
75-23-6-q,523.477704,786.202899
75-23-7-q,544.096932,668.871604
75-23-8-q,242.380943,514.565965
75-24-1-q,-1.0,-1.0
75-24-1-q.nnf,-1.0,-1.0
75-24-10-q,-1.0,-1.0
75-24-2-q,-1.0,-1.0
75-24-4-q,72.642736,107.493057
75-24-5-q,-1.0,-1.0
75-24-6-q,-1.0,-1.0
75-24-7-q,274.917154,403.712473
75-24-8-q,229.427609,387.369872
75-25-1-q,-1.0,-1.0
75-25-2-q,-1.0,-1.0
75-25-3-q,-1.0,-1.0
75-25-3-q.nnf,-1.0,-1.0
75-25-6-q,-1.0,-1.0
75-25-6-q.nnf,-1.0,-1.0
75-26-10-q,-1.0,-1.0
75-26-2-q,-1.0,-1.0
75-26-2-q.nnf,-1.0,-1.0
75-26-4-q,303.45575,535.075954
75-26-4-q.nnf,-1.0,-1.0
75-26-7-q,438.377762,690.655219
75-26-9-q,-1.0,-1.0
7z,0.000601,0.062618
90-10-1-q,0.01779,0.179174
90-10-10-q,0.002368,0.054795
90-10-2-q,-1.0,-1.0
90-10-3-q,0.008284,0.106363
90-10-4-q,0.002955,0.086904
90-10-5-q,0.004287,0.097535
90-10-6-q,-1.0,-1.0
90-10-7-q,0.00567,0.146973
90-10-8-q,-1.0,-1.0
90-10-9-q,0.009855,0.100442
90-12-1-q,0.00885,0.141206
90-12-10-q,0.017304,0.109848
90-12-2-q,0.00799,0.087992
90-12-3-q,0.033624,0.177084
90-12-4-q,0.008339,0.184126
90-12-5-q,0.006529,0.090586
90-12-6-q,0.020034,0.116072
90-12-7-q,0.035586,0.197883
90-12-8-q,0.050912,0.235444
90-12-9-q,-1.0,-1.0
90-14-1-q,0.019515,0.124754
90-14-10-q,0.058726,0.340931
90-14-2-q,0.030627,0.145885
90-14-3-q,0.01365,0.129493
90-14-4-q,-1.0,-1.0
90-14-5-q,0.179775,0.707672
90-14-6-q,0.046887,0.185495
90-14-7-q,0.037302,0.226333
90-14-8-q,0.042395,0.207848
90-14-9-q,0.013663,0.148677
90-15-1-q,0.049442,0.241359
90-15-10-q,0.040319,0.218609
90-15-2-q,0.500024,1.482385
90-15-3-q,0.067747,0.24242
90-15-4-q,0.037191,0.159096
90-15-5-q,0.024626,0.151101
90-15-6-q,0.0444,0.190953
90-15-7-q,0.035453,0.210766
90-15-8-q,0.044079,0.211023
90-15-9-q,-1.0,-1.0
90-16-1-q,0.479693,0.9351
90-16-10-q,0.047768,0.201821
90-16-2-q,0.014317,0.137224
90-16-3-q,0.029581,0.230303
90-16-4-q,0.09747,0.324211
90-16-5-q,0.099376,0.330614
90-16-6-q,0.190866,0.497536
90-16-7-q,0.16169,0.464191
90-16-8-q,-1.0,-1.0
90-16-9-q,0.125856,0.355687
90-17-1-q,0.039786,0.138475
90-17-10-q,0.036651,0.137059
90-17-2-q,-1.0,-1.0
90-17-3-q,0.079093,0.305256
90-17-4-q,1.290024,3.206643
90-17-5-q,0.061972,0.21627
90-17-6-q,0.318032,0.723357
90-17-7-q,-1.0,-1.0
90-17-8-q,0.361596,0.749853
90-17-9-q,0.154065,0.505225
90-18-1-q,0.191446,0.616882
90-18-10-q,0.498967,1.088875
90-18-2-q,0.186236,0.528352
90-18-3-q,0.110514,0.309105
90-18-4-q,0.090822,0.426764
90-18-5-q,0.403889,0.856919
90-18-6-q,0.208186,0.475328
90-18-7-q,0.173938,0.685087
90-18-8-q,0.182099,0.866927
90-18-9-q,0.100911,0.323632
90-19-1-q,1.957672,3.445284
90-19-10-q,0.349352,0.605604
90-19-2-q,0.163186,0.567475
90-19-3-q,-1.0,-1.0
90-19-4-q,0.084273,0.315357
90-19-5-q,-1.0,-1.0
90-19-6-q,0.278449,0.730578
90-19-7-q,0.498839,1.010138
90-19-8-q,0.182566,0.381595
90-19-9-q,-1.0,-1.0
90-20-1-q,0.154541,0.393838
90-20-10-q,0.280744,0.655633
90-20-2-q,0.670826,1.516116
90-20-3-q,0.527373,1.023823
90-20-4-q,0.416233,0.852488
90-20-5-q,0.23613,0.61089
90-20-6-q,0.070807,0.244553
90-20-7-q,0.490663,1.079521
90-20-8-q,0.349013,0.976097
90-20-9-q,0.121456,0.469522
90-21-1-q,0.313458,0.651369
90-21-10-q,3.019394,5.769694
90-21-2-q,0.626784,1.265736
90-21-3-q,0.311066,0.83073
90-21-4-q,-1.0,-1.0
90-21-5-q,0.841715,1.596844
90-21-6-q,-1.0,-1.0
90-21-7-q,0.792522,3.136237
90-21-8-q,-1.0,-1.0
90-21-9-q,0.811154,2.297875
90-22-1-q,0.330331,0.890448
90-22-10-q,1.205595,1.845852
90-22-2-q,1.244111,2.707372
90-22-3-q,0.498582,1.341637
90-22-4-q,0.381609,0.894899
90-22-5-q,1.86972,3.196863
90-22-6-q,0.161213,0.465285
90-22-7-q,0.660604,1.478997
90-22-8-q,-1.0,-1.0
90-22-9-q,0.612329,1.998791
90-23-1-q,1.684117,2.781302
90-23-10-q,0.293668,0.734518
90-23-2-q,35.413544,70.689013
90-23-3-q,0.424757,1.261619
90-23-4-q,0.086215,0.314041
90-23-5-q,0.724259,1.755359
90-23-6-q,0.387521,0.923035
90-23-7-q,3.761736,5.655687
90-23-8-q,0.580978,1.664654
90-23-9-q,-1.0,-1.0
90-24-1-q,-1.0,-1.0
90-24-10-q,0.528766,1.301
90-24-2-q,0.190486,0.631124
90-24-3-q,1.882962,3.741529
90-24-4-q,2.297788,5.053725
90-24-5-q,0.895022,1.592205
90-24-6-q,-1.0,-1.0
90-24-7-q,2.011569,3.648716
90-24-8-q,0.359538,0.773082
90-24-9-q,2.393501,5.526212
90-25-1-q,3.566357,7.181287
90-25-10-q,1.225214,2.261548
90-25-2-q,0.18641,0.693067
90-25-3-q,3.271264,5.158964
90-25-4-q,3.108588,5.735847
90-25-5-q,1.289943,2.845775
90-25-6-q,2.483913,5.28467
90-25-7-q,17.513159,26.057729
90-25-8-q,6.138424,9.718302
90-25-9-q,9.22301,14.880637
90-26-1-q,-1.0,-1.0
90-26-10-q,2.807758,6.292243
90-26-2-q,-1.0,-1.0
90-26-3-q,2.370022,4.8455
90-26-4-q,2.067005,3.543322
90-26-5-q,2.335938,4.955642
90-26-6-q,15.412031,27.326016
90-26-7-q,-1.0,-1.0
90-26-8-q,18.551439,29.849621
90-26-9-q,-1.0,-1.0
90-30-1-q,61.31804,99.265333
90-30-10-q,16.17076,24.942451
90-30-2-q,18.001121,33.313225
90-30-3-q,15.156222,43.854204
90-30-4-q,6.085789,9.936228
90-30-5-q,20.614738,31.536128
90-30-6-q,47.365213,48.193005
90-30-7-q,5.681559,9.761341
90-30-8-q,73.218151,101.604505
90-30-9-q,60.77195,94.160915
90-34-1-q,37.818695,77.566616
90-34-10-q,14.025759,35.162016
90-34-2-q,15.95104,30.582505
90-34-3-q,124.262794,178.504914
90-34-4-q,19.030207,41.578603
90-34-5-q,72.447342,81.529414
90-34-6-q,44.283505,47.610809
90-34-7-q,47.778004,76.526184
90-34-8-q,-1.0,-1.0
90-34-9-q,11.352981,15.913481
90-38-1-q,-1.0,-1.0
90-38-10-q,146.690615,237.726448
90-38-2-q,491.51682,447.020967
90-38-3-q,408.793657,363.392103
90-38-4-q,146.570843,194.36309
90-38-5-q,68.719533,67.606454
90-38-6-q,128.562108,144.801875
90-38-7-q,-1.0,-1.0
90-38-8-q,65.337586,62.644182
90-38-9-q,9.558293,17.317371
90-42-1-q,245.300145,428.146409
90-42-10-q,-1.0,-1.0
90-42-2-q,-1.0,-1.0
90-42-3-q,886.009789,412.469889
90-42-4-q,-1.0,-1.0
90-42-5-q,218.682682,264.471885
90-42-6-q,-1.0,-1.0
90-42-7-q,-1.0,-1.0
90-42-8-q,-1.0,-1.0
90-46-1-q,-1.0,-1.0
90-46-10-q,-1.0,-1.0
90-46-2-q,-1.0,-1.0
90-46-3-q,-1.0,-1.0
90-46-9-q,-1.0,-1.0
90-50-10-q,-1.0,-1.0
90-50-2-q,-1.0,-1.0
90-50-3-q,176.446978,183.181139
90-50-4-q,504.574337,641.291458
90-50-6-q,-1.0,-1.0
90-50-7-q,-1.0,-1.0
90-50-8-q,-1.0,-1.0
BerkeleyDBC,0.000155,0.086037
C129_FR,109.256601,313.518623
C140_FC,23.872305,93.329653
C140_FV,157.567666,403.874555
C140_FW,115.016763,145.785285
C163_FW,6.087224,12.952627
C168_FW,223.124013,622.45247
C169_FV,0.000615,0.099113
C169_FW,0.000607,0.067516
C170_FR,28.975325,83.220482
C171_FR,2.014267,7.134977
C202_FS,-1.0,-1.0
C202_FW,-1.0,-1.0
C203_FCL,73.48384,162.367431
C203_FS,77.596172,228.10666
C203_FW,-1.0,-1.0
C208_FA,-1.0,-1.0
C208_FC,-1.0,-1.0
C209_FA,3.44541,11.963021
C209_FC,4.302358,13.058985
C210_FS,-1.0,-1.0
C210_FVF,11.056328,29.044741
C210_FW,-1.0,-1.0
C211_FS,0.025059,0.198413
C211_FW,8.80682,24.816229
C215_FC,47.747409,167.44911
C220_FV,210.047801,498.879679
C220_FW,170.719935,378.233593
C230_FR,7.824299,19.799456
C250_FV,0.001973,0.108748
C250_FW,0.001975,0.105202
C638_FKA,4.388266,20.048402
C638_FKB,0.5975,5.048284
C638_FVK,0.254041,1.470844
D1119_M20,0.001986,0.078399
D1119_M23,0.003488,0.101688
Dune,0.000181,0.057661
HiPAcc,0.000659,0.047498
JHipster,0.000579,0.062363
JavaGC,0.00022,0.048339
LLVM,0.000111,0.050895
Polly,0.000211,0.063155
VP9,0.0002,0.065778
X264,0.000154,0.073256
XSEngine,6.420539,9.201913
aaed2000,6.633257,7.164737
adder,5.901697,6.839096
adderII,10.212365,12.862701
aeb,4.014986,5.712044
aim711,7.915366,9.410539
ais10,1.282302,0.285643
ais12,83.086638,2.173985
ais6,0.004803,0.069156
ais8,0.054459,0.107545
aki3068net,3.394021,5.121267
am31_sim,0.576119,1.194087
anomaly,0.000217,0.041568
asb,2.507888,4.177583
asb2305,4.125439,5.841509
assabet,3.028136,5.121813
at91sam7sek,6.239036,10.823738
at91sam7xek,7.076054,9.006084
atlas_mips32_4kc,4.011391,5.036348
atlas_mips64_5kc,6.38589,9.178735
automotive01,0.48579,0.806232
automotive2_4,10.182676,145.115177
axTLS,0.011879,0.079373
axtls_2_1_4,0.001178,0.065135
berkeleydb,0.001267,0.059629
binsearch.16,-1.0,-1.0
binsearch.16.pp,0.080371,0.198261
binsearch.32.pp,0.133724,0.28841
blockmap_05_01.net,0.01623,0.100936
blockmap_05_02.net,0.025821,0.157449
blockmap_05_03.net,0.044503,0.201065
blockmap_10_01.net,0.053164,0.928293
blockmap_10_02.net,1.557993,2.261912
blockmap_10_03.net,26.717682,11.50102
blockmap_15_01.net,0.25208,5.566066
blockmap_15_02.net,3.785668,10.385923
blockmap_15_03.net,39.919318,52.201315
blockmap_20_01.net,1.234527,27.18899
blockmap_20_02.net,22.060748,45.527598
blockmap_20_03.net,140.922468,200.756147
blockmap_22_01.net,2.426973,46.697296
blockmap_22_02.net,55.723372,55.666963
blockmap_22_03.net,287.38371,106.629305
blocks_right_2_p_t1,0.001797,0.065453
blocks_right_2_p_t10,2.07783,2.569442
blocks_right_2_p_t2,0.016303,0.111832
blocks_right_2_p_t3,0.034734,0.133466
blocks_right_2_p_t4,0.144518,0.274237
blocks_right_2_p_t5,0.192741,0.353686
blocks_right_2_p_t6,0.426207,0.66128
blocks_right_2_p_t7,0.695171,0.907524
blocks_right_2_p_t8,0.828679,1.388544
blocks_right_2_p_t9,1.2964,1.930348
blocks_right_3_p_t1,0.010877,0.134384
blocks_right_3_p_t10,-1.0,-1.0
blocks_right_3_p_t2,0.162185,0.459179
blocks_right_3_p_t3,0.723653,1.061076
blocks_right_3_p_t4,4.289221,6.225601
blocks_right_3_p_t5,10.589321,11.088229
blocks_right_3_p_t6,29.146626,26.882328
blocks_right_3_p_t7,106.560735,92.564899
blocks_right_3_p_t8,277.748583,272.668812
blocks_right_3_p_t9,662.197786,456.65136
blocks_right_4_p_t1,0.110245,0.39521
blocks_right_4_p_t2,1.693322,3.042788
blocks_right_4_p_t3,17.672141,22.030867
blocks_right_4_p_t4,302.740006,428.68914
blocks_right_4_p_t5,-1.0,-1.0
blocks_right_4_p_t6,-1.0,-1.0
blocks_right_5_p_t1,1.106585,3.275482
blocks_right_5_p_t2,57.244787,82.369893
blocks_right_5_p_t3,570.916606,475.751226
blocks_right_5_p_t4,-1.0,-1.0
blocks_right_6_p_t1,23.745845,48.903698
blocks_right_6_p_t2,-1.0,-1.0
bmc-ibm-1,15.641899,19.810322
bmc-ibm-11,-1.0,-1.0
bmc-ibm-12,485.694338,472.264088
bmc-ibm-13,6.113504,14.681743
bmc-ibm-2,0.033626,0.222203
bmc-ibm-3,0.042541,4.270293
bmc-ibm-4,13.557277,17.471614
bmc-ibm-5,39.592049,68.068887
bomb_b10_t10_p_t1,0.011803,0.219091
bomb_b10_t10_p_t10,0.308367,1.870438
bomb_b10_t10_p_t11,0.293858,2.008647
bomb_b10_t10_p_t12,0.546381,2.378144
bomb_b10_t10_p_t13,0.510451,2.481689
bomb_b10_t10_p_t14,0.825161,2.912076
bomb_b10_t10_p_t15,0.694643,2.975844
bomb_b10_t10_p_t16,0.73736,3.210308
bomb_b10_t10_p_t17,0.737346,3.581389
bomb_b10_t10_p_t18,0.80711,3.693037
bomb_b10_t10_p_t19,0.930687,4.293131
bomb_b10_t10_p_t2,0.034257,0.377937
bomb_b10_t10_p_t20,0.909457,4.223956
bomb_b10_t10_p_t3,0.044217,0.520891
bomb_b10_t10_p_t4,0.07636,0.635519
bomb_b10_t10_p_t5,0.185125,0.917845
bomb_b10_t10_p_t6,0.179271,0.976528
bomb_b10_t10_p_t7,0.306891,1.223226
bomb_b10_t10_p_t8,0.223928,1.437016
bomb_b10_t10_p_t9,0.24398,1.658841
bomb_b10_t5_p_t1,0.005663,0.160289
bomb_b10_t5_p_t10,0.150796,0.956062
bomb_b10_t5_p_t2,0.015317,0.256043
bomb_b10_t5_p_t3,0.024654,0.295504
bomb_b10_t5_p_t4,0.0375,0.357064
bomb_b10_t5_p_t5,0.046857,0.515176
bomb_b10_t5_p_t6,0.062955,0.530841
bomb_b10_t5_p_t7,0.115998,0.644709
bomb_b10_t5_p_t8,0.121046,0.765259
bomb_b10_t5_p_t9,0.119839,0.865739
bomb_b20_t5_p_t1,0.022087,0.325557
bomb_b20_t5_p_t10,0.675766,4.015666
bomb_b20_t5_p_t2,0.053904,0.567809
bomb_b20_t5_p_t3,0.074366,0.782599
bomb_b20_t5_p_t4,0.253827,1.607022
bomb_b20_t5_p_t5,0.25655,1.383335
bomb_b20_t5_p_t6,0.318115,1.797024
bomb_b20_t5_p_t7,0.385181,2.048396
bomb_b20_t5_p_t8,0.408523,2.749465
bomb_b20_t5_p_t9,0.434621,2.97435
bomb_b5_t1_p_t1,0.001014,0.070754
bomb_b5_t1_p_t10,0.017823,0.175148
bomb_b5_t1_p_t2,0.002106,0.091781
bomb_b5_t1_p_t3,0.003372,0.092926
bomb_b5_t1_p_t4,0.0059,0.088067
bomb_b5_t1_p_t5,0.006397,0.095097
bomb_b5_t1_p_t6,0.009601,0.126867
bomb_b5_t1_p_t7,0.011689,0.15753
bomb_b5_t1_p_t8,0.01191,0.164384
bomb_b5_t1_p_t9,0.013278,0.170715
bomb_b5_t5_p_t1,0.00219,0.093608
bomb_b5_t5_p_t10,0.090923,0.432219
bomb_b5_t5_p_t2,0.006181,0.12365
bomb_b5_t5_p_t3,0.009568,0.15447
bomb_b5_t5_p_t4,0.01944,0.220677
bomb_b5_t5_p_t5,0.016878,0.194744
bomb_b5_t5_p_t6,0.024773,0.270773
bomb_b5_t5_p_t7,0.02677,0.307052
bomb_b5_t5_p_t8,0.041526,0.31557
bomb_b5_t5_p_t9,0.045073,0.354787
brutus,3.087302,4.33664
buildroot,-1.0,-1.0
busybox-1.18.0,0.117146,0.503793
busybox_1_28_0,0.022587,0.202846
bw_large.a,0.000728,0.081391
bw_large.b,0.185481,0.220493
bw_large.c,0.021639,1.118594
bw_large.d,3.118883,10.866269
c1355.isc,262.133752,381.248613
c1908.isc,463.27325,506.074099
c432.isc,0.039866,0.184889
c499.isc,31.466801,52.602912
c7552.isc,-1.0,-1.0
c880.isc,368.017612,323.957438
calm16_ceb,8.158656,10.415499
calm32_ceb,11.437781,16.587969
ceb_v850,3.834691,5.307773
cerf,7.318953,10.700707
cerfpda,7.404675,10.425087
cma230,2.993759,4.283354
cma28x,4.234444,5.763293
cme555,5.744936,8.252382
cnt06.shuffled,0.002873,0.105348
cnt07.shuffled,0.004586,0.172337
cnt08.shuffled,0.134017,0.788154
cnt09.shuffled,0.103092,4.512764
cnt10.shuffled,0.088364,19.439032
coins_p01_p_t1,0.008732,0.09684
coins_p01_p_t10,-1.0,-1.0
coins_p01_p_t2,0.325571,0.729246
coins_p01_p_t3,1.709565,5.692971
coins_p01_p_t4,7.88741,22.508619
coins_p01_p_t5,35.322709,72.115876
coins_p01_p_t6,73.442575,159.850351
coins_p01_p_t7,167.619961,468.335326
coins_p01_p_t8,-1.0,-1.0
coins_p01_p_t9,983.936761,256.289059
coins_p02_p_t1,0.009293,0.105844
coins_p02_p_t10,1364.494726,0.667629
coins_p02_p_t2,0.339661,0.766492
coins_p02_p_t3,1.84124,6.463125
coins_p02_p_t4,9.235184,24.636835
coins_p02_p_t5,33.822827,68.496911
coins_p02_p_t6,72.819161,171.050721
coins_p02_p_t7,158.976065,474.310029
coins_p02_p_t8,-1.0,-1.0
coins_p03_p_t1,0.009115,0.121282
coins_p03_p_t2,0.342961,0.756028
coins_p03_p_t3,1.744755,6.00711
coins_p03_p_t4,7.878306,20.541672
coins_p03_p_t5,33.91091,68.211824
coins_p03_p_t6,75.365918,150.11786
coins_p03_p_t7,166.031232,433.927757
coins_p03_p_t8,-1.0,-1.0
coins_p03_p_t9,-1.0,-1.0
coins_p04_p_t1,0.009004,0.126
coins_p04_p_t10,1373.513742,335.023808
coins_p04_p_t2,0.311813,0.745779
coins_p04_p_t3,1.722441,6.466068
coins_p04_p_t4,8.001032,21.414507
coins_p04_p_t5,33.422615,71.57365
coins_p04_p_t6,75.463727,172.34599
coins_p04_p_t7,162.081591,439.191682
coins_p04_p_t8,-1.0,-1.0
coins_p04_p_t9,-1.0,-1.0
coins_p05_p_t1,0.008852,0.119141
coins_p05_p_t10,-1.0,-1.0
coins_p05_p_t2,0.326166,0.765284
coins_p05_p_t3,1.66312,5.734596
coins_p05_p_t4,8.584715,24.030425
coins_p05_p_t5,33.62688,70.776981
coins_p05_p_t6,71.850379,165.967262
coins_p05_p_t7,161.306498,439.365223
coins_p05_p_t8,-1.0,-1.0
coins_p05_p_t9,-1.0,-1.0
coins_p10_p_t1,0.023688,0.185253
coins_p10_p_t2,27.393446,92.618477
coins_p10_p_t3,97.256065,336.639761
comm_p01_p_t1,0.00507,0.077726
comm_p01_p_t10,7.875475,13.016669
comm_p01_p_t2,0.114833,0.60147
comm_p01_p_t3,0.179667,0.649841
comm_p01_p_t4,0.637318,1.713694
comm_p01_p_t5,1.228517,2.71921
comm_p01_p_t6,1.825633,4.052919
comm_p01_p_t7,3.207542,6.867034
comm_p01_p_t8,3.637238,6.0041
comm_p01_p_t9,6.207732,9.71946
comm_p02_p_t1,0.006053,0.123957
comm_p02_p_t10,41.493008,63.21416
comm_p02_p_t2,0.387563,1.217018
comm_p02_p_t3,0.576849,2.441703
comm_p02_p_t4,2.174078,5.828544
comm_p02_p_t5,4.36712,11.498427
comm_p02_p_t6,7.532727,19.712159
comm_p02_p_t7,12.096958,28.482111
comm_p02_p_t8,12.690566,24.871862
comm_p02_p_t9,23.648359,41.005207
comm_p03_p_t1,0.026147,0.252459
comm_p03_p_t10,185.504612,250.197631
comm_p03_p_t2,1.136683,3.757685
comm_p03_p_t3,2.609867,10.293132
comm_p03_p_t4,6.464801,19.319969
comm_p03_p_t5,14.016681,36.553113
comm_p03_p_t6,32.203358,115.158358
comm_p03_p_t7,46.719032,109.078437
comm_p03_p_t8,41.421496,81.084647
comm_p03_p_t9,73.30649,125.569277
comm_p04_p_t1,0.037733,0.369326
comm_p04_p_t10,658.861833,750.562611
comm_p04_p_t2,2.344675,9.789852
comm_p04_p_t3,7.220597,31.475826
comm_p04_p_t4,18.22292,53.272905
comm_p04_p_t5,39.659533,107.023112
comm_p04_p_t6,92.687247,260.387069
comm_p04_p_t7,175.734019,454.272279
comm_p04_p_t8,140.951504,260.667725
comm_p04_p_t9,241.821122,385.582905
comm_p05_p_t1,0.166652,1.060621
comm_p05_p_t10,-1.0,-1.0
comm_p05_p_t2,5.925148,24.269657
comm_p05_p_t3,92.342691,163.120743
comm_p05_p_t4,55.985937,169.308494
comm_p05_p_t5,245.436702,585.719861
comm_p05_p_t6,271.204707,840.618753
comm_p05_p_t7,-1.0,-1.0
comm_p05_p_t8,626.442026,1006.739331
comm_p05_p_t9,-1.0,-1.0
comm_p10_p_t1,39.227443,161.132455
comm_p10_p_t3,-1.0,-1.0
comm_p10_p_t3.nnf,-1.0,-1.0
cq7708,5.280024,7.280058
cq7750,3.023242,4.518332
csb281,5.175884,6.91178
dreamcast,4.679406,8.454938
e7t,5.116456,7.640405
ea2468,16.124709,20.402068
eb40,12.680221,17.120529
eb40a,4.601457,6.784837
eb42,3.654694,5.227332
eb55,4.380688,5.893125
ebsa285,6.230639,6.089444
ec555,5.918306,9.094443
ecos-icse11,7.781077,10.114997
edb7xxx,6.656219,8.788995
edosk2674,4.844833,5.504177
embtoolkit,11.161623,20.715319
emptyroom_d12_g6_p_t1,0.002502,0.072
emptyroom_d12_g6_p_t10,0.446208,0.899188
emptyroom_d12_g6_p_t2,0.005655,0.09742
emptyroom_d12_g6_p_t3,0.023129,0.134335
emptyroom_d12_g6_p_t4,0.058832,0.213108
emptyroom_d12_g6_p_t5,0.106225,0.274588
emptyroom_d12_g6_p_t6,0.144608,0.341735
emptyroom_d12_g6_p_t7,0.206694,0.455075
emptyroom_d12_g6_p_t8,0.227708,0.49929
emptyroom_d12_g6_p_t9,0.388408,0.824511
emptyroom_d16_g8_p_t1,0.005596,0.097627
emptyroom_d16_g8_p_t10,0.632853,1.22468
emptyroom_d16_g8_p_t2,0.009517,0.122007
emptyroom_d16_g8_p_t3,0.061613,0.207797
emptyroom_d16_g8_p_t4,0.097567,0.273046
emptyroom_d16_g8_p_t5,0.166909,0.352175
emptyroom_d16_g8_p_t6,0.214935,0.491086
emptyroom_d16_g8_p_t7,0.348456,0.635507
emptyroom_d16_g8_p_t8,0.389483,0.764885
emptyroom_d16_g8_p_t9,0.517648,1.079113
emptyroom_d20_g10_corners_p_t1,0.008713,0.1059
emptyroom_d20_g10_corners_p_t10,-1.0,-1.0
emptyroom_d20_g10_corners_p_t2,0.12889,0.444698
emptyroom_d20_g10_corners_p_t3,0.31183,0.526116
emptyroom_d20_g10_corners_p_t4,0.99209,1.551285
emptyroom_d20_g10_corners_p_t5,3.835837,6.541661
emptyroom_d20_g10_corners_p_t6,12.571161,17.321784
emptyroom_d20_g10_corners_p_t7,469.228455,862.368586
emptyroom_d24_g12_p_t1,0.009002,0.132136
emptyroom_d24_g12_p_t10,1.337356,2.508237
emptyroom_d24_g12_p_t2,0.048808,0.447245
emptyroom_d24_g12_p_t3,0.188356,0.963268
emptyroom_d24_g12_p_t4,0.327256,1.638485
emptyroom_d24_g12_p_t5,1.031035,6.005124
emptyroom_d24_g12_p_t6,3.192343,17.806655
emptyroom_d24_g12_p_t7,0.619077,1.136088
emptyroom_d24_g12_p_t8,0.646045,1.350663
emptyroom_d24_g12_p_t9,0.996511,1.794611
emptyroom_d28_g14_corners_p_t1,0.021693,0.114105
emptyroom_d28_g14_corners_p_t10,-1.0,-1.0
emptyroom_d28_g14_corners_p_t2,0.138705,0.305125
emptyroom_d28_g14_corners_p_t3,0.535197,0.771754
emptyroom_d28_g14_corners_p_t4,1.93316,2.561002
emptyroom_d28_g14_corners_p_t5,7.082778,8.98237
emptyroom_d28_g14_corners_p_t6,25.594868,26.296761
emptyroom_d28_g14_corners_p_t7,81.808571,77.371464
emptyroom_d28_g14_corners_p_t8,289.830851,267.591027
emptyroom_d28_g14_corners_p_t9,-1.0,-1.0
emptyroom_d4_g2_p_t1,0.000797,0.046945
emptyroom_d4_g2_p_t10,0.042973,0.164884
emptyroom_d4_g2_p_t2,0.002685,0.08865
emptyroom_d4_g2_p_t3,0.00408,0.073159
emptyroom_d4_g2_p_t4,0.007168,0.06985
emptyroom_d4_g2_p_t5,0.009398,0.089411
emptyroom_d4_g2_p_t6,0.015337,0.09582
emptyroom_d4_g2_p_t7,0.021507,0.130044
emptyroom_d4_g2_p_t8,0.023764,0.120751
emptyroom_d4_g2_p_t9,0.036085,0.186802
emptyroom_d8_g4_p_t1,0.002195,0.070282
emptyroom_d8_g4_p_t10,1.821942,3.651993
emptyroom_d8_g4_p_t2,0.040917,0.227663
emptyroom_d8_g4_p_t3,0.063102,0.280941
emptyroom_d8_g4_p_t4,0.201049,0.589712
emptyroom_d8_g4_p_t5,0.314612,0.751622
emptyroom_d8_g4_p_t6,0.419082,1.136087
emptyroom_d8_g4_p_t7,0.675945,1.42846
emptyroom_d8_g4_p_t8,0.883046,1.995314
emptyroom_d8_g4_p_t9,1.369475,3.099565
excalibur_arm9,3.899223,4.628796
fads,2.669992,3.858522
family_grid_new_dispose_4_1_p_t1,0.781061,6.66279
family_grid_new_dispose_4_1_p_t2,-1.0,-1.0
fiasco,0.076762,0.223837
fiasco_17_10,0.012903,0.091471
financial,0.218584,0.354544
financialServices_2018-05-09,0.262994,0.409348
flexanet,3.101116,4.787809
flip_1_p_t1,0.000153,0.055839
flip_1_p_t10,0.000998,0.06139
flip_1_p_t2,0.000161,0.076683
flip_1_p_t3,0.000345,0.074131
flip_1_p_t4,0.000341,0.069346
flip_1_p_t5,0.00043,0.094534
flip_1_p_t6,0.00073,0.077488
flip_1_p_t7,0.000846,0.060972
flip_1_p_t8,0.000838,0.062083
flip_1_p_t9,0.000972,0.057555
flip_no_action_1_p_t1,0.000185,0.069591
flip_no_action_1_p_t10,0.005008,0.086539
flip_no_action_1_p_t2,0.000488,0.061616
flip_no_action_1_p_t3,0.000443,0.058499
flip_no_action_1_p_t4,0.000894,0.045435
flip_no_action_1_p_t5,0.001022,0.07598
flip_no_action_1_p_t6,0.001203,0.052019
flip_no_action_1_p_t7,0.00133,0.067493
flip_no_action_1_p_t8,0.002365,0.062366
flip_no_action_1_p_t9,0.002353,0.07229
freebsd-icse11,21.796133,6.146827
freetz,-1.0,-1.0
frv400,4.69439,6.384469
fs-01.net,0.000331,0.076686
gps4020,3.249961,4.308937
grg,7.077876,10.365724
h8300h_sim,1.707197,2.976231
h8max,4.374123,8.405736
h8s_sim,3.007182,4.458861
hanoi4,0.04965,0.110659
hanoi5,0.232146,0.658458
hs7729pci,11.140538,12.086664
huge,0.000288,0.096138
innovator,11.43171,12.874146
integrator_arm7,6.645196,9.053502
integrator_arm9,3.828025,5.051852
ipaq,5.59274,7.471552
iq80310,8.837417,9.369915
iq80321,5.167176,6.973395
ixdp425,6.511657,10.017872
jmr3904,8.246419,11.120493
jtst,3.348472,4.770243
lang12,224.622578,98.172658
lang12.nnf,-1.0,-1.0
linux,5.331216,6.33342
log-1,0.116397,0.31682
log-2,2.283516,3.401571
log-3,1.10345,1.947897
log-4,6.269529,8.780069
log-5,163.339021,42.160599
logistics.a,9.594295,12.983592
logistics.b,4.208368,5.98126
lpcmt,4.23515,5.895385
lrzip,0.000286,0.075735
m5272c3,8.818306,11.470241
mac7100evb,4.670034,6.674575
mace1,4.609334,6.141647
malta_mips32_4kc,5.177597,6.700007
malta_mips64_5kc,3.862392,5.056087
mastermind_03_08_04.net,8.324397,34.340882
mastermind_03_08_05.net,1273.484097,445.802529
mastermind_04_08_04.net,47.679986,168.311781
mastermind_05_08_03.net,7.37223,23.405747
mastermind_06_08_03.net,14.155642,41.149455
mastermind_10_08_03.net,1003.107406,763.059167
mb93091,5.831598,7.611536
mb93093,7.358359,9.962931
mbx,6.523126,7.852389
mcb2100,4.237311,6.055443
medium,0.000801,0.081281
mixdup,0.000647,0.055131
moab,5.014608,7.644435
mpc50,2.424434,3.287129
nano,10.900715,17.280096
npwr,8.070026,10.132764
ocelot,7.958006,12.532779
olpce2294,6.481751,8.7368
olpch2294,4.989682,5.869921
olpcl2294,6.649478,9.14462
or-100-10-1-UC-10,201.939038,428.748358
or-100-10-1-UC-20,0.247435,0.784255
or-100-10-1-UC-30,0.009083,0.123158
or-100-10-1-UC-40,0.000463,0.063563
or-100-10-1-UC-50,0.000437,0.057999
or-100-10-1-UC-60,0.000355,0.091182
or-100-10-10-UC-20,0.099318,0.432944
or-100-10-10-UC-30,0.014742,0.139341
or-100-10-10-UC-40,0.000742,0.069376
or-100-10-10-UC-50,0.001316,0.073036
or-100-10-10-UC-60,0.000341,0.072535
or-100-10-2-UC-20,2.998126,7.335841
or-100-10-2-UC-30,0.493566,1.3914
or-100-10-2-UC-40,0.004172,0.117059
or-100-10-2-UC-50,0.000849,0.07312
or-100-10-2-UC-60,0.000228,0.063569
or-100-10-3-UC-20,10.416604,34.608621
or-100-10-3-UC-30,0.233605,0.921398
or-100-10-3-UC-40,0.001505,0.05748
or-100-10-3-UC-50,0.001145,0.09524
or-100-10-3-UC-60,0.000333,0.053965
or-100-10-4-UC-20,10.608141,35.156916
or-100-10-4-UC-30,0.126785,0.491495
or-100-10-4-UC-40,0.009225,0.158818
or-100-10-4-UC-50,0.000679,0.068501
or-100-10-4-UC-60,0.000178,0.068074
or-100-10-5-UC-10,-1.0,-1.0
or-100-10-5-UC-20,6.315003,20.486876
or-100-10-5-UC-30,0.287299,0.88692
or-100-10-5-UC-40,0.038081,0.235122
or-100-10-5-UC-50,0.003153,0.102697
or-100-10-5-UC-60,0.000326,0.059473
or-100-10-6-UC-20,4.739874,11.457083
or-100-10-6-UC-30,0.068505,0.354039
or-100-10-6-UC-40,0.002967,0.104225
or-100-10-6-UC-50,0.000667,0.082115
or-100-10-6-UC-60,0.000426,0.053623
or-100-10-7-UC-10,-1.0,-1.0
or-100-10-7-UC-20,3.155531,11.996731
or-100-10-7-UC-30,0.106307,0.493559
or-100-10-7-UC-40,0.042406,0.306614
or-100-10-7-UC-50,0.003646,0.1005
or-100-10-7-UC-60,0.000623,0.06835
or-100-10-8-UC-10,426.1901,786.562935
or-100-10-8-UC-20,1.444376,4.241234
or-100-10-8-UC-30,0.533406,1.810998
or-100-10-8-UC-40,0.00762,0.113756
or-100-10-8-UC-50,0.002767,0.081159
or-100-10-8-UC-60,0.000962,0.070164
or-100-10-9-UC-20,39.082289,106.680936
or-100-10-9-UC-30,1.219969,4.229559
or-100-10-9-UC-40,0.315557,1.337052
or-100-10-9-UC-50,0.013307,0.16777
or-100-10-9-UC-60,0.002148,0.098563
or-100-20-1-UC-20,-1.0,-1.0
or-100-20-1-UC-30,-1.0,-1.0
or-100-20-1-UC-40,0.13041,0.62473
or-100-20-1-UC-50,0.005009,0.106114
or-100-20-1-UC-60,0.001879,0.080451
or-100-20-10-UC-20,127.472928,417.257713
or-100-20-10-UC-30,2.691455,9.958779
or-100-20-10-UC-40,1.279974,4.972639
or-100-20-10-UC-50,0.090526,0.443619
or-100-20-10-UC-60,0.018486,0.168534
or-100-20-2-UC-10,-1.0,-1.0
or-100-20-2-UC-20,44.304699,102.065341
or-100-20-2-UC-30,12.651012,43.181753
or-100-20-2-UC-40,0.171057,0.567739
or-100-20-2-UC-50,41.797988,151.032471
or-100-20-2-UC-60,6.169805,23.12264
or-100-20-3-UC-30,30.868406,99.707043
or-100-20-3-UC-40,4.790624,16.840909
or-100-20-3-UC-50,0.001021,0.090353
or-100-20-3-UC-60,0.00036,0.052223
or-100-20-4-UC-10,-1.0,-1.0
or-100-20-4-UC-20,17.855275,55.376919
or-100-20-4-UC-30,67.216315,254.762054
or-100-20-4-UC-40,1.865972,7.373896
or-100-20-4-UC-50,0.043478,0.318369
or-100-20-4-UC-60,0.022035,0.204388
or-100-20-5-UC-20,190.994169,498.51343
or-100-20-5-UC-20.nnf,-1.0,-1.0
or-100-20-5-UC-30,32.210021,92.155231
or-100-20-5-UC-40,0.101544,0.592131
or-100-20-5-UC-50,0.01213,0.209791
or-100-20-5-UC-60,0.001484,0.076752
or-100-20-6-UC-20,158.66899,481.149897
or-100-20-6-UC-30,2.957279,9.586239
or-100-20-6-UC-40,0.105677,0.640237
or-100-20-6-UC-50,0.092197,0.627457
or-100-20-6-UC-60,0.000245,0.093655
or-100-20-7-UC-10,-1.0,-1.0
or-100-20-7-UC-20,183.811399,545.31826
or-100-20-7-UC-30,3.006853,10.327912
or-100-20-7-UC-40,2.868591,8.55939
or-100-20-7-UC-50,0.137058,0.686762
or-100-20-7-UC-60,0.003005,0.092217
or-100-20-8-UC-20,135.919785,388.251312
or-100-20-8-UC-30,19.583107,71.99676
or-100-20-8-UC-40,1.186558,4.277695
or-100-20-8-UC-50,0.027041,0.196267
or-100-20-8-UC-60,0.007318,0.112398
or-100-20-9-UC-20,56.821463,149.420226
or-100-20-9-UC-30,3.583224,10.513945
or-100-20-9-UC-40,0.007733,0.115253
or-100-20-9-UC-50,0.000668,0.062972
or-100-20-9-UC-60,0.000638,0.083065
or-100-5-1-UC-10,24.183261,72.992821
or-100-5-1-UC-20,0.267627,0.965272
or-100-5-1-UC-30,0.00846,0.137804
or-100-5-1-UC-40,0.000673,0.064943
or-100-5-1-UC-50,0.000341,0.065207
or-100-5-1-UC-60,0.000183,0.060458
or-100-5-10-UC-10,71.424534,170.883581
or-100-5-10-UC-20,0.194473,0.803884
or-100-5-10-UC-30,0.003029,0.086785
or-100-5-10-UC-40,0.000344,0.060994
or-100-5-10-UC-50,0.000265,0.085363
or-100-5-10-UC-60,0.000212,0.047271
or-100-5-2-UC-10,445.249066,840.68274
or-100-5-2-UC-20,1.945696,6.644518
or-100-5-2-UC-30,0.265793,0.889433
or-100-5-2-UC-40,0.004328,0.083516
or-100-5-2-UC-50,0.001686,0.094567
or-100-5-2-UC-60,0.0004,0.08424
or-100-5-3-UC-10,1.482188,4.560816
or-100-5-3-UC-20,0.015122,0.172199
or-100-5-3-UC-30,0.011597,0.127557
or-100-5-3-UC-40,0.003426,0.071477
or-100-5-3-UC-50,0.001237,0.07176
or-100-5-3-UC-60,0.000225,0.077967
or-100-5-4-UC-10,608.613997,1087.17746
or-100-5-4-UC-10.nnf,-1.0,-1.0
or-100-5-4-UC-20,179.792839,425.968015
or-100-5-4-UC-20.nnf,-1.0,-1.0
or-100-5-4-UC-30,0.059509,0.312023
or-100-5-4-UC-40,0.007885,0.125008
or-100-5-4-UC-50,0.000523,0.064
or-100-5-4-UC-60,0.000356,0.079803
or-100-5-5-UC-20,2.235325,7.193105
or-100-5-5-UC-30,0.04866,0.278808
or-100-5-5-UC-40,0.003243,0.082225
or-100-5-5-UC-50,0.000978,0.068181
or-100-5-5-UC-60,0.001277,0.111917
or-100-5-6-UC-10,28.270562,81.405667
or-100-5-6-UC-20,0.060098,0.513735
or-100-5-6-UC-30,0.002323,0.068372
or-100-5-6-UC-40,0.000631,0.071645
or-100-5-6-UC-50,0.000408,0.065459
or-100-5-6-UC-60,0.000292,0.061267
or-100-5-7-UC-10,69.282162,169.774048
or-100-5-7-UC-20,3.477072,10.879819
or-100-5-7-UC-30,0.038074,0.28201
or-100-5-7-UC-40,0.001695,0.064721
or-100-5-7-UC-50,0.000508,0.077462
or-100-5-7-UC-60,0.000308,0.076473
or-100-5-8-UC-20,0.822491,2.230749
or-100-5-8-UC-30,0.023591,0.177308
or-100-5-8-UC-40,0.001209,0.150864
or-100-5-8-UC-50,0.000371,0.06595
or-100-5-8-UC-60,0.000392,0.068723
or-100-5-9-UC-10,84.597059,254.890011
or-100-5-9-UC-10.nnf,-1.0,-1.0
or-100-5-9-UC-20,0.606136,1.867739
or-100-5-9-UC-30,0.011778,0.135636
or-100-5-9-UC-40,0.000514,0.078862
or-100-5-9-UC-50,0.000453,0.092936
or-100-5-9-UC-60,0.000336,0.062738
or-50-10-1-UC-10,0.518542,1.27214
or-50-10-1-UC-20,0.004564,0.108399
or-50-10-1-UC-30,0.001311,0.071241
or-50-10-1-UC-40,0.000341,0.060185
or-50-10-1,7.813638,14.656882
or-50-10-10-UC-10,0.071612,0.331686
or-50-10-10-UC-20,0.001801,0.072356
or-50-10-10-UC-30,0.000816,0.056291
or-50-10-10-UC-40,0.000327,0.071573
or-50-10-10,15.770416,28.624116
or-50-10-2-UC-10,0.026067,0.19492
or-50-10-2-UC-20,0.002407,0.06021
or-50-10-2-UC-30,0.001564,0.073771
or-50-10-2-UC-40,0.000347,0.073071
or-50-10-2,5.693883,9.767569
or-50-10-3-UC-10,0.145817,0.491365
or-50-10-3-UC-20,0.09338,0.368283
or-50-10-3-UC-30,0.00283,0.079893
or-50-10-3-UC-40,0.000759,0.065607
or-50-10-3,6.083547,11.423428
or-50-10-4-UC-10,0.186417,0.721071
or-50-10-4-UC-20,0.146826,0.946984
or-50-10-4-UC-30,0.005021,0.095344
or-50-10-4-UC-40,0.003815,0.089841
or-50-10-4,10.686806,17.440214
or-50-10-5-UC-10,0.264139,0.786266
or-50-10-5-UC-20,0.188784,0.653113
or-50-10-5-UC-30,0.062214,0.271933
or-50-10-5-UC-40,0.008548,0.100171
or-50-10-5,9.238075,25.063505
or-50-10-6-UC-10,0.446409,1.245532
or-50-10-6-UC-20,0.040748,0.230395
or-50-10-6-UC-30,0.027513,0.221004
or-50-10-6-UC-40,0.000792,0.063197
or-50-10-6,12.204995,25.376915
or-50-10-7-UC-10,4.319504,10.349085
or-50-10-7-UC-20,0.048934,0.242438
or-50-10-7-UC-30,0.002247,0.060893
or-50-10-7-UC-40,0.000797,0.052362
or-50-10-7,9.588682,15.711065
or-50-10-8-UC-10,0.034815,0.240215
or-50-10-8-UC-20,0.001084,0.089099
or-50-10-8-UC-30,0.000303,0.048838
or-50-10-8-UC-40,0.000298,0.085679
or-50-10-8,12.473189,23.235137
or-50-10-9-UC-10,0.556519,1.323991
or-50-10-9-UC-20,0.141973,0.546804
or-50-10-9-UC-30,0.003913,0.110909
or-50-10-9-UC-40,0.002516,0.08103
or-50-10-9,8.416165,16.363052
or-50-20-1-UC-10,6.123383,13.993628
or-50-20-1-UC-20,0.090838,0.407985
or-50-20-1-UC-30,0.011824,0.139686
or-50-20-1-UC-40,0.003054,0.096885
or-50-20-1,8.730751,24.188312
or-50-20-10-UC-10,0.486671,1.353526
or-50-20-10-UC-20,0.149006,0.68003
or-50-20-10-UC-30,0.032796,0.205202
or-50-20-10-UC-40,0.003928,0.117915
or-50-20-10,12.322841,24.721758
or-50-20-2-UC-10,16.407363,30.616162
or-50-20-2-UC-20,0.653218,1.905126
or-50-20-2-UC-30,0.033584,0.222302
or-50-20-2-UC-40,0.014293,0.150959
or-50-20-2,16.749064,29.793027
or-50-20-3-UC-10,1.196774,3.638278
or-50-20-3-UC-20,0.012414,0.147616
or-50-20-3-UC-30,0.003614,0.101138
or-50-20-3-UC-40,0.002193,0.076528
or-50-20-3,8.956968,18.408359
or-50-20-4-UC-10,0.117967,0.411573
or-50-20-4-UC-20,0.044605,0.218128
or-50-20-4-UC-30,0.067669,0.345212
or-50-20-4-UC-40,0.012661,0.126808
or-50-20-4,1.766158,3.91661
or-50-20-5-UC-10,0.719952,1.628025
or-50-20-5-UC-20,0.453774,1.210493
or-50-20-5-UC-30,0.017444,0.165645
or-50-20-5-UC-40,0.010258,0.117248
or-50-20-5,31.090316,59.285184
or-50-20-6-UC-10,0.741683,1.769616
or-50-20-6-UC-20,0.113653,0.958633
or-50-20-6-UC-30,0.005761,0.105661
or-50-20-6-UC-40,0.001023,0.071953
or-50-20-6,5.778603,10.612806
or-50-20-7-UC-10,0.482402,1.306885
or-50-20-7-UC-20,0.058122,0.300868
or-50-20-7-UC-30,0.018527,0.150196
or-50-20-7-UC-40,0.002398,0.063207
or-50-20-7,18.852037,39.596678
or-50-20-8-UC-10,0.079403,0.321106
or-50-20-8-UC-20,0.036283,0.19777
or-50-20-8-UC-30,0.005535,0.171762
or-50-20-8-UC-40,0.004779,0.078724
or-50-20-8,10.700445,21.234109
or-50-20-9-UC-10,2.333786,6.741818
or-50-20-9-UC-20,0.025508,0.147257
or-50-20-9-UC-30,0.003094,0.087508
or-50-20-9-UC-40,0.002403,0.078627
or-50-20-9,18.90966,30.748261
or-50-5-1-UC-10,0.308436,0.858567
or-50-5-1-UC-20,0.007083,0.138889
or-50-5-1-UC-30,0.000401,0.092689
or-50-5-1-UC-40,0.000387,0.059953
or-50-5-1,5.175813,11.169844
or-50-5-10-UC-10,0.043561,0.226699
or-50-5-10-UC-20,0.005703,0.135781
or-50-5-10-UC-30,0.00035,0.069939
or-50-5-10-UC-40,0.00038,0.062711
or-50-5-10,7.239006,14.861238
or-50-5-2-UC-10,4.36769,16.075179
or-50-5-2-UC-20,0.087126,0.349727
or-50-5-2-UC-30,0.001701,0.071355
or-50-5-2-UC-40,0.000774,0.068691
or-50-5-2,64.123736,115.416563
or-50-5-3-UC-10,0.014852,0.140095
or-50-5-3-UC-20,0.001427,0.070024
or-50-5-3-UC-30,0.001021,0.069588
or-50-5-3-UC-40,0.000795,0.065408
or-50-5-3,9.786833,18.641653
or-50-5-4-UC-10,2.503452,6.394498
or-50-5-4-UC-20,0.543769,1.760979
or-50-5-4-UC-30,0.013107,0.183792
or-50-5-4-UC-40,0.00192,0.097222
or-50-5-4,9.932515,20.037882
or-50-5-5-UC-10,4.005539,7.861388
or-50-5-5-UC-20,0.054934,0.416323
or-50-5-5-UC-30,0.001213,0.076801
or-50-5-5-UC-40,0.000197,0.062143
or-50-5-5,15.942852,28.725133
or-50-5-6-UC-10,0.037003,0.190254
or-50-5-6-UC-20,0.001814,0.074172
or-50-5-6-UC-30,0.000438,0.062432
or-50-5-6-UC-40,0.000319,0.076192
or-50-5-6,12.214233,31.700366
or-50-5-7-UC-10,1.760932,4.753401
or-50-5-7-UC-20,0.015058,0.159937
or-50-5-7-UC-30,0.002654,0.065496
or-50-5-7-UC-40,0.000834,0.055443
or-50-5-7,14.40332,26.873762
or-50-5-8-UC-10,0.586357,1.523
or-50-5-8-UC-20,0.038641,0.253942
or-50-5-8-UC-30,0.000764,0.066794
or-50-5-8-UC-40,0.000234,0.082859
or-50-5-8,33.534039,56.588261
or-50-5-9-UC-10,0.438207,1.289213
or-50-5-9-UC-20,0.05671,0.41553
or-50-5-9-UC-30,0.000857,0.070422
or-50-5-9-UC-40,0.000372,0.075242
or-50-5-9,20.277456,34.285908
or-60-10-1-UC-10,4.639286,12.580247
or-60-10-1-UC-20,0.974,2.490037
or-60-10-1-UC-30,0.077903,0.386086
or-60-10-1-UC-40,0.023534,0.184126
or-60-10-1,175.791091,251.640385
or-60-10-10-UC-10,19.436492,32.749408
or-60-10-10-UC-20,0.226994,1.05614
or-60-10-10-UC-30,0.006705,0.099451
or-60-10-10-UC-40,0.00116,0.06892
or-60-10-10,45.757761,65.040875
or-60-10-2-UC-10,3.452618,8.995121
or-60-10-2-UC-20,0.336141,1.037419
or-60-10-2-UC-30,0.001799,0.097101
or-60-10-2-UC-40,0.001704,0.075302
or-60-10-2,49.39345,88.407332
or-60-10-3-UC-10,17.532711,33.170927
or-60-10-3-UC-20,0.44587,1.218656
or-60-10-3-UC-30,0.141308,0.491535
or-60-10-3-UC-40,0.024086,0.195513
or-60-10-3,125.184647,238.635017
or-60-10-4-UC-10,0.478092,1.537882
or-60-10-4-UC-20,0.00924,0.110214
or-60-10-4-UC-30,0.00099,0.064041
or-60-10-4-UC-40,0.000569,0.067783
or-60-10-4,100.64872,160.649029
or-60-10-5-UC-10,0.357888,1.029161
or-60-10-5-UC-20,0.0097,0.15259
or-60-10-5-UC-30,0.002357,0.067767
or-60-10-5-UC-40,0.001136,0.066387
or-60-10-5,51.245868,119.192713
or-60-10-6-UC-10,13.912215,30.974246
or-60-10-6-UC-20,0.014629,0.143884
or-60-10-6-UC-30,0.009257,0.088872
or-60-10-6-UC-40,0.002559,0.094825
or-60-10-6,236.039417,257.252758
or-60-10-7-UC-10,0.531891,1.419808
or-60-10-7-UC-20,0.025493,0.163583
or-60-10-7-UC-30,0.005647,0.096272
or-60-10-7-UC-40,0.000754,0.048586
or-60-10-7,190.51329,218.953419
or-60-10-8-UC-10,0.057404,0.284843
or-60-10-8-UC-20,0.059994,0.277019
or-60-10-8-UC-30,0.004361,0.089587
or-60-10-8-UC-40,0.000397,0.065302
or-60-10-8,122.500649,148.323624
or-60-10-9-UC-10,0.22925,0.673039
or-60-10-9-UC-20,0.006129,0.099165
or-60-10-9-UC-30,0.00096,0.084762
or-60-10-9-UC-40,0.000895,0.05958
or-60-10-9,134.371672,204.191404
or-60-20-1-UC-10,11.693834,23.710092
or-60-20-1-UC-20,0.048876,0.260489
or-60-20-1-UC-30,0.011603,0.107868
or-60-20-1-UC-40,0.006917,0.108264
or-60-20-1,40.458403,76.972122
or-60-20-10-UC-10,8.087795,15.979436
or-60-20-10-UC-20,1.127867,3.361703
or-60-20-10-UC-30,0.208696,0.880292
or-60-20-10-UC-40,0.049115,0.275942
or-60-20-10,166.987783,330.114058
or-60-20-2-UC-10,11.9958,25.985179
or-60-20-2-UC-20,0.129569,0.572308
or-60-20-2-UC-30,0.001503,0.213061
or-60-20-2-UC-40,0.000898,0.075652
or-60-20-2,202.064487,318.844542
or-60-20-3-UC-10,0.427923,1.254695
or-60-20-3-UC-20,0.035494,0.240875
or-60-20-3-UC-30,0.057008,0.249144
or-60-20-3-UC-40,0.011455,0.128166
or-60-20-3,101.606835,154.362315
or-60-20-4-UC-10,14.675216,34.391746
or-60-20-4-UC-20,3.142254,8.537997
or-60-20-4-UC-30,0.269685,0.912611
or-60-20-4-UC-40,0.206362,0.805455
or-60-20-4,82.733005,150.567254
or-60-20-5-UC-10,55.525048,105.855541
or-60-20-5-UC-20,54.078696,140.84681
or-60-20-5-UC-30,3.220476,12.845335
or-60-20-5-UC-40,0.046498,0.264339
or-60-20-5,76.84543,118.967665
or-60-20-6-UC-10,59.628264,128.197576
or-60-20-6-UC-20,3.702671,11.558147
or-60-20-6-UC-30,0.761546,3.026204
or-60-20-6-UC-40,0.102275,0.53186
or-60-20-6,154.614694,225.965432
or-60-20-7-UC-10,12.986341,35.571112
or-60-20-7-UC-20,9.376654,26.602141
or-60-20-7-UC-30,0.306679,0.93538
or-60-20-7-UC-40,0.009004,0.11491
or-60-20-7,177.698301,328.82046
or-60-20-8-UC-10,2.262595,6.18542
or-60-20-8-UC-20,0.021306,0.186935
or-60-20-8-UC-30,0.002692,0.082432
or-60-20-8-UC-40,0.0006,0.072762
or-60-20-8,46.667465,67.27948
or-60-20-9-UC-10,2.004152,4.484468
or-60-20-9-UC-20,0.012221,0.10774
or-60-20-9-UC-30,0.001028,0.070685
or-60-20-9-UC-40,0.001045,0.070019
or-60-20-9,95.078636,172.962889
or-60-5-1-UC-10,0.091363,0.361713
or-60-5-1-UC-20,0.054751,0.335138
or-60-5-1-UC-30,0.011339,0.126822
or-60-5-1-UC-40,0.000495,0.06478
or-60-5-1,64.390905,105.859112
or-60-5-10-UC-10,0.111977,0.407148
or-60-5-10-UC-20,0.036429,0.187134
or-60-5-10-UC-30,0.001308,0.072179
or-60-5-10-UC-40,0.000346,0.046498
or-60-5-10,63.860445,102.64375
or-60-5-2-UC-10,0.988347,2.159313
or-60-5-2-UC-20,0.022219,0.158722
or-60-5-2-UC-30,0.013441,0.232264
or-60-5-2-UC-40,0.001208,0.102774
or-60-5-2,91.010318,172.278091
or-60-5-3-UC-10,33.599838,66.154928
or-60-5-3-UC-20,0.37544,1.008169
or-60-5-3-UC-30,0.000972,0.0517
or-60-5-3-UC-40,0.000572,0.093039
or-60-5-3,80.329569,129.270828
or-60-5-4-UC-10,0.135973,0.534809
or-60-5-4-UC-20,0.00106,0.066424
or-60-5-4-UC-30,0.000362,0.058321
or-60-5-4-UC-40,0.00031,0.059491
or-60-5-4,38.597495,107.697164
or-60-5-5-UC-10,0.37643,1.082344
or-60-5-5-UC-20,0.003185,0.068339
or-60-5-5-UC-30,0.00222,0.09309
or-60-5-5-UC-40,0.000368,0.080541
or-60-5-5,46.210022,69.087004
or-60-5-6-UC-10,1.612359,3.853765
or-60-5-6-UC-20,0.002407,0.074683
or-60-5-6-UC-30,0.000512,0.059938
or-60-5-6-UC-40,0.000354,0.063755
or-60-5-6,207.519936,323.012167
or-60-5-7-UC-10,0.053855,0.278161
or-60-5-7-UC-20,0.01057,0.145143
or-60-5-7-UC-30,0.004303,0.141187
or-60-5-7-UC-40,0.001617,0.097801
or-60-5-7,59.895715,118.42783
or-60-5-8-UC-10,11.290838,24.082299
or-60-5-8-UC-20,0.0062,0.095805
or-60-5-8-UC-30,0.00209,0.072024
or-60-5-8-UC-40,0.000704,0.080603
or-60-5-8,85.400291,156.321207
or-60-5-9-UC-10,0.312485,0.753028
or-60-5-9-UC-20,0.003523,0.130912
or-60-5-9-UC-30,0.001382,0.085661
or-60-5-9-UC-40,0.000393,0.0478
or-60-5-9,149.814028,181.235803
or-70-10-1-UC-10,0.56651,1.65072
or-70-10-1-UC-20,0.02913,0.197444
or-70-10-1-UC-30,0.006928,0.111543
or-70-10-1-UC-40,0.002198,0.085697
or-70-10-1,224.97427,426.831306
or-70-10-10-UC-10,30.047172,94.602286
or-70-10-10-UC-20,0.128579,0.507287
or-70-10-10-UC-30,0.002167,0.101864
or-70-10-10-UC-40,0.001233,0.066459
or-70-10-10,-1.0,-1.0
or-70-10-2-UC-10,31.430433,62.858958
or-70-10-2-UC-20,0.474547,1.339228
or-70-10-2-UC-30,0.008421,0.129541
or-70-10-2-UC-40,0.000622,0.067594
or-70-10-2,292.657356,441.396917
or-70-10-2.nnf,-1.0,-1.0
or-70-10-3-UC-10,2.826288,7.47132
or-70-10-3-UC-20,0.068518,0.511075
or-70-10-3-UC-30,0.001027,0.084789
or-70-10-3-UC-40,0.000388,0.103251
or-70-10-3,-1.0,-1.0
or-70-10-3.nnf,-1.0,-1.0
or-70-10-4-UC-10,47.516679,127.141208
or-70-10-4-UC-20,11.277328,26.71297
or-70-10-4-UC-30,2.804791,7.889064
or-70-10-4-UC-40,0.037386,0.303728
or-70-10-4,332.899485,681.302748
or-70-10-5-UC-10,15.760837,42.268946
or-70-10-5-UC-20,0.161189,0.544268
or-70-10-5-UC-30,0.004372,0.081935
or-70-10-5-UC-40,0.000643,0.095299
or-70-10-5,623.307624,768.414654
or-70-10-5.nnf,-1.0,-1.0
or-70-10-6-UC-10,7.872802,17.056063
or-70-10-6-UC-20,0.159063,0.536126
or-70-10-6-UC-30,0.002359,0.062266
or-70-10-6-UC-40,0.00034,0.061804
or-70-10-6,460.960707,703.604476
or-70-10-7-UC-10,27.762745,67.882867
or-70-10-7-UC-20,0.770183,2.247677
or-70-10-7-UC-30,0.033061,0.211703
or-70-10-7-UC-40,0.004037,0.079069
or-70-10-7,-1.0,-1.0
or-70-10-8-UC-10,1.221003,3.267506
or-70-10-8-UC-20,0.006398,0.094048
or-70-10-8-UC-30,0.00069,0.090603
or-70-10-8-UC-40,0.000616,0.064495
or-70-10-8,672.858503,758.361942
or-70-10-8.nnf,-1.0,-1.0
or-70-10-9-UC-10,0.598334,1.588962
or-70-10-9-UC-20,0.020865,0.178991
or-70-10-9-UC-30,0.012152,0.147085
or-70-10-9-UC-40,0.002343,0.082113
or-70-10-9,-1.0,-1.0
or-70-10-9.nnf,-1.0,-1.0
or-70-20-1-UC-10,4.038499,11.599764
or-70-20-1-UC-20,0.489139,1.807071
or-70-20-1-UC-30,0.373242,1.294626
or-70-20-1-UC-40,0.136672,0.689675
or-70-20-1,843.25479,524.758501
or-70-20-10-UC-10,22.17675,56.039183
or-70-20-10-UC-20,73.149151,265.40984
or-70-20-10-UC-30,3.479582,11.94867
or-70-20-10-UC-40,0.206668,1.30161
or-70-20-10,-1.0,-1.0
or-70-20-10.nnf,-1.0,-1.0
or-70-20-2-UC-10,8.737671,20.187775
or-70-20-2-UC-20,1.201716,4.456855
or-70-20-2-UC-30,0.416554,1.611548
or-70-20-2-UC-40,0.021838,0.196142
or-70-20-2,579.901754,1128.445577
or-70-20-2.nnf,-1.0,-1.0
or-70-20-3-UC-10,210.331562,385.317016
or-70-20-3-UC-10.nnf,-1.0,-1.0
or-70-20-3-UC-20,9.263267,27.568002
or-70-20-3-UC-30,2.696904,9.539496
or-70-20-3-UC-40,0.041121,0.277647
or-70-20-3,-1.0,-1.0
or-70-20-3.nnf,-1.0,-1.0
or-70-20-4-UC-10,337.754759,570.775582
or-70-20-4-UC-20,39.162102,121.204271
or-70-20-4-UC-30,0.022828,0.19169
or-70-20-4-UC-40,0.002222,0.07881
or-70-20-4,-1.0,-1.0
or-70-20-5-UC-10,44.169195,97.08232
or-70-20-5-UC-20,13.428272,39.684811
or-70-20-5-UC-30,0.889034,2.482752
or-70-20-5-UC-40,0.026229,0.181182
or-70-20-5,218.416138,359.113303
or-70-20-6-UC-10,34.18997,79.47128
or-70-20-6-UC-20,0.207851,0.665645
or-70-20-6-UC-30,0.004602,0.089484
or-70-20-6-UC-40,0.001939,0.087314
or-70-20-6,-1.0,-1.0
or-70-20-6.nnf,-1.0,-1.0
or-70-20-7-UC-10,25.913359,56.821965
or-70-20-7-UC-20,1.241922,3.997506
or-70-20-7-UC-30,0.084949,0.431069
or-70-20-7-UC-40,0.011748,0.162111
or-70-20-7,509.273295,886.587568
or-70-20-7.nnf,-1.0,-1.0
or-70-20-8-UC-10,101.767197,229.922254
or-70-20-8-UC-20,37.290046,89.212109
or-70-20-8-UC-30,0.518409,1.568873
or-70-20-8-UC-40,0.057151,0.429694
or-70-20-8,-1.0,-1.0
or-70-20-9-UC-10,0.22545,0.679138
or-70-20-9-UC-20,0.009942,0.093719
or-70-20-9-UC-30,0.002028,0.074752
or-70-20-9-UC-40,0.001041,0.09118
or-70-20-9,-1.0,-1.0
or-70-20-9.nnf,-1.0,-1.0
or-70-5-1-UC-10,2.617477,7.334492
or-70-5-1-UC-20,0.001765,0.080674
or-70-5-1-UC-30,0.000451,0.064492
or-70-5-1-UC-40,0.000291,0.060442
or-70-5-1,200.496833,408.667139
or-70-5-10-UC-10,8.069537,19.303646
or-70-5-10-UC-20,0.134847,0.486276
or-70-5-10-UC-30,0.013413,0.145479
or-70-5-10-UC-40,0.002709,0.1049
or-70-5-10,667.047379,954.519961
or-70-5-10.nnf,-1.0,-1.0
or-70-5-2-UC-10,1.837739,4.23672
or-70-5-2-UC-20,0.143815,0.490413
or-70-5-2-UC-30,0.001828,0.076065
or-70-5-2-UC-40,0.00047,0.061933
or-70-5-2,-1.0,-1.0
or-70-5-3-UC-10,0.03261,0.241176
or-70-5-3-UC-20,0.000928,0.072855
or-70-5-3-UC-30,0.002585,0.086057
or-70-5-3-UC-40,0.000813,0.06382
or-70-5-3,-1.0,-1.0
or-70-5-4-UC-10,12.102263,24.23229
or-70-5-4-UC-20,0.371404,1.417189
or-70-5-4-UC-30,0.121796,0.528761
or-70-5-4-UC-40,0.000821,0.111758
or-70-5-4,524.990947,1017.613006
or-70-5-4.nnf,-1.0,-1.0
or-70-5-5-UC-10,1.584755,4.355968
or-70-5-5-UC-20,0.284515,1.239249
or-70-5-5-UC-30,0.001236,0.070543
or-70-5-5-UC-40,0.00037,0.075277
or-70-5-5,661.251164,500.730062
or-70-5-6-UC-10,117.909342,305.759155
or-70-5-6-UC-20,0.294139,0.80743
or-70-5-6-UC-30,0.004051,0.088589
or-70-5-6-UC-40,0.000191,0.074494
or-70-5-6,-1.0,-1.0
or-70-5-7-UC-10,12.376753,27.373614
or-70-5-7-UC-20,0.201629,0.660639
or-70-5-7-UC-30,0.001299,0.071855
or-70-5-7-UC-40,0.000398,0.050333
or-70-5-7,156.261243,262.125733
or-70-5-8-UC-10,6.039964,16.200575
or-70-5-8-UC-20,0.181161,0.630043
or-70-5-8-UC-30,0.000816,0.067463
or-70-5-8-UC-40,0.000364,0.062155
or-70-5-8,685.48804,1042.781083
or-70-5-9-UC-10,0.101722,0.396249
or-70-5-9-UC-20,0.00792,0.103825
or-70-5-9-UC-30,0.000555,0.05132
or-70-5-9-UC-40,0.000227,0.07321
or-70-5-9,613.179559,686.828045
or-70-5-9.nnf,-1.0,-1.0
p2106,5.11876,6.051138
par16-1-c,0.08953,0.12499
par16-1,0.105855,0.125107
par16-2-c,0.016401,0.22206
par16-2,0.186937,0.074619
par16-3-c,0.030797,0.10905
par16-3,0.07457,0.141945
par16-4-c,0.016486,0.099801
par16-4,0.020975,0.115178
par16-5-c,0.033261,0.098255
par16-5,0.135404,0.174001
par8-1-c,0.000282,0.058788
par8-1,0.000398,0.050831
par8-2-c,0.00042,0.076333
par8-2,0.000343,0.062349
par8-3-c,0.000343,0.060921
par8-3,0.00097,0.064737
par8-4-c,0.000608,0.045059
par8-4,0.000935,0.065732
par8-5-c,0.000301,0.056449
par8-5,0.000399,0.049568
pati,4.93837,6.126016
pc_i82544,8.225645,10.094926
pc_i82559,8.022752,10.686038
pc_rltk8139,9.636346,10.905079
pc_usb_d12,4.902812,7.917827
pc_vmWare,8.093264,11.380048
phycore,4.805787,9.756715
phycore229x,13.650288,18.396829
picasso,7.73683,9.794897
pid,6.808544,8.56763
prob001.pddl,0.06737,0.169116
prob002.pddl,2.239433,3.102436
prob003.pddl,1.034802,1.87721
prob004-log-a,3.053792,5.904768
prob004.pddl,4.27618,7.184495
prob005.pddl,164.699712,47.677095
prob012.pddl,-1.0,-1.0
prob012.pddl.nnf,-1.0,-1.0
prpmc1100,2.684946,4.196795
psim,3.762578,5.502624
qg1-07,0.073545,0.153556
qg1-08,2.669677,1.344125
qg2-07,0.095514,0.180126
qg2-08,1.674947,1.809908
qg3-08,0.075628,0.125114
qg4-09,2.172208,0.555534
qg5-11,0.310967,0.884356
qg6-09,0.015684,0.11796
qg7-09,0.013128,0.19352
qg7-13,3.537901,2.664035
ra,0.783554,0.864866
rattler,5.912692,7.091403
rb,2.524083,7.209956
rc,48.942591,100.676504
ref4955,14.561965,16.488512
refidt334,7.465765,8.939224
ring2_r6_p_t1,0.001335,0.0973
ring2_r6_p_t10,79.970916,101.892594
ring2_r6_p_t2,0.003554,0.080794
ring2_r6_p_t3,0.098032,0.185396
ring2_r6_p_t4,0.353516,0.341143
ring2_r6_p_t5,2.918613,3.02079
ring2_r6_p_t6,8.500014,9.142759
ring2_r6_p_t7,17.076582,20.546105
ring2_r6_p_t8,24.84721,25.959467
ring2_r6_p_t9,38.328196,57.490342
ring2_r8_p_t1,0.00166,0.067494
ring2_r8_p_t10,619.445116,522.565664
ring2_r8_p_t2,0.005155,0.10082
ring2_r8_p_t3,0.154975,0.376752
ring2_r8_p_t4,1.040121,0.931838
ring2_r8_p_t5,3.929192,3.977114
ring2_r8_p_t6,65.369463,57.76649
ring2_r8_p_t7,73.45414,76.424625
ring2_r8_p_t8,159.447158,169.392048
ring2_r8_p_t9,354.105608,351.276361
ring_3_p_t1,0.000848,0.075017
ring_3_p_t10,7.03173,13.329261
ring_3_p_t2,0.00212,0.067918
ring_3_p_t3,0.005534,0.080831
ring_3_p_t4,0.127221,0.232063
ring_3_p_t5,0.283541,0.514551
ring_3_p_t6,0.580143,0.917984
ring_3_p_t7,0.88628,1.715871
ring_3_p_t8,1.241874,2.437714
ring_3_p_t9,2.544749,3.970778
ring_4_p_t1,0.001045,0.048722
ring_4_p_t10,21.276847,31.781874
ring_4_p_t2,0.006908,0.098828
ring_4_p_t3,0.050657,0.165629
ring_4_p_t4,0.558952,0.557681
ring_4_p_t5,0.75928,0.908298
ring_4_p_t6,0.986566,1.230025
ring_4_p_t7,2.516429,3.274407
ring_4_p_t8,6.984387,8.015664
ring_4_p_t9,8.325763,12.704349
ring_5_p_t1,0.001535,0.068272
ring_5_p_t10,120.1003,169.63251
ring_5_p_t2,0.010443,0.085482
ring_5_p_t3,0.011991,0.085009
ring_5_p_t4,0.651984,0.827892
ring_5_p_t5,2.320882,2.627923
ring_5_p_t6,3.419747,4.859043
ring_5_p_t7,10.492524,11.420844
ring_5_p_t8,38.76962,40.549684
ring_5_p_t9,29.676841,43.438805
s1196.bench,0.836007,1.426989
s1238.bench,0.802447,1.378816
s1423.bench,9.216274,11.008749
s1488.bench,0.072182,0.176089
s1494.bench,0.077609,0.195956
s400.bench,0.013049,0.100555
s420.1.bench,0.012694,0.112522
s444.bench,0.018006,0.103889
s510.bench,0.021384,0.087924
s526.bench,0.04582,0.138905
s526n.bench,0.126169,0.289884
s641.bench,0.391583,0.589261
s713.bench,0.57285,0.717195
s820.bench,0.03361,0.129078
s832.bench,0.043787,0.204552
s838.1.bench,0.046994,0.146131
s953.bench,0.190319,0.483118
sa1100mm,3.664194,5.547357
safe_safe_10_p_t1,0.00052,0.057777
safe_safe_10_p_t10,0.006759,0.087557
safe_safe_10_p_t2,0.001088,0.086107
safe_safe_10_p_t3,0.001479,0.080669
safe_safe_10_p_t4,0.001276,0.076739
safe_safe_10_p_t5,0.00157,0.082864
safe_safe_10_p_t6,0.002575,0.070782
safe_safe_10_p_t7,0.003129,0.06525
safe_safe_10_p_t8,0.003237,0.078547
safe_safe_10_p_t9,0.009384,0.076433
safe_safe_2_p_t1,0.000345,0.078051
safe_safe_2_p_t10,0.001905,0.069201
safe_safe_2_p_t2,0.000555,0.060707
safe_safe_2_p_t3,0.000664,0.043127
safe_safe_2_p_t4,0.000966,0.061102
safe_safe_2_p_t5,0.001125,0.094056
safe_safe_2_p_t6,0.001776,0.103956
safe_safe_2_p_t7,0.001512,0.077142
safe_safe_2_p_t8,0.001672,0.052958
safe_safe_2_p_t9,0.001845,0.06821
safe_safe_30_p_t1,0.002,0.070678
safe_safe_30_p_t10,0.030208,0.201434
safe_safe_30_p_t2,0.002831,0.085799
safe_safe_30_p_t3,0.013793,0.105057
safe_safe_30_p_t4,0.025766,0.095106
safe_safe_30_p_t5,0.031129,0.120154
safe_safe_30_p_t6,0.015956,0.122959
safe_safe_30_p_t7,0.02037,0.160355
safe_safe_30_p_t8,0.025077,0.16165
safe_safe_30_p_t9,0.023509,0.16752
safe_safe_5_p_t1,0.000389,0.072052
safe_safe_5_p_t10,0.001963,0.084277
safe_safe_5_p_t2,0.000524,0.050145
safe_safe_5_p_t3,0.000696,0.046359
safe_safe_5_p_t4,0.000951,0.044011
safe_safe_5_p_t5,0.001493,0.062237
safe_safe_5_p_t6,0.001609,0.060394
safe_safe_5_p_t7,0.001607,0.061302
safe_safe_5_p_t8,0.001552,0.074883
safe_safe_5_p_t9,0.001687,0.053013
sam7ex256,6.730063,9.440751
sat-grid-pbl-0010,0.00929,0.088243
sat-grid-pbl-0015,0.176786,0.477949
sat-grid-pbl-0020,0.617222,1.085798
sat-grid-pbl-0025,19.492856,66.827197
sat-grid-pbl-0030,125.112135,52.280891
se7751,6.933985,9.914156
se77x9,10.474518,18.217651
sh4_202_md,5.758791,5.869103
sh7708,9.915719,8.940232
skmb91302,9.700061,19.256823
sleb,3.533171,4.599202
smdk2410,8.128362,9.272473
snds,5.21147,7.392314
sort_num_s_3_p_t1,0.001481,0.090883
sort_num_s_3_p_t10,0.289321,0.366317
sort_num_s_3_p_t2,0.009226,0.101306
sort_num_s_3_p_t3,0.015401,0.115203
sort_num_s_3_p_t4,0.043454,0.120596
sort_num_s_3_p_t5,0.05851,0.15167
sort_num_s_3_p_t6,0.091086,0.220299
sort_num_s_3_p_t7,0.117581,0.25703
sort_num_s_3_p_t8,0.256991,0.64517
sort_num_s_3_p_t9,0.185398,0.325694
sort_num_s_4_p_t1,0.002012,0.054945
sort_num_s_4_p_t10,267.961986,163.205168
sort_num_s_4_p_t2,2.48183,3.214568
sort_num_s_4_p_t3,3.861396,4.805418
sort_num_s_4_p_t4,9.445575,12.405056
sort_num_s_4_p_t5,17.242128,19.964545
sort_num_s_4_p_t6,36.74713,41.24699
sort_num_s_4_p_t7,81.47654,77.773859
sort_num_s_4_p_t8,94.764095,82.163363
sort_num_s_4_p_t9,169.831187,106.994884
sort_num_s_5_p_t1,0.014644,0.06696
sort_num_s_5_p_t2,-1.0,-1.0
sort_num_s_5_p_t2.nnf,-1.0,-1.0
sort_num_s_6_p_t1,0.021433,0.135507
sort_num_s_7_p_t1,0.042485,0.161802
sparc_erc32,3.877826,5.468617
sparc_leon,3.967527,5.40762
sparclite_sim,3.702203,5.591221
ssa7552-038,0.153708,0.253614
ssa7552-158,0.034921,0.1638
ssa7552-159,0.05849,0.220724
ssa7552-160,0.059366,0.184829
stb,3.84152,5.219322
stdeval1,2.776493,3.532162
stm3210e_eval,2.424761,3.258434
sum.32,153.066931,171.386489
tire-1,0.027599,0.129316
tire-2,0.0206,0.130373
tire-3,0.104349,0.362519
tire-4,0.113543,0.366501
toybox,0.001203,0.090312
toybox_0_7_5,0.000436,0.086888
ts1000,5.90188,6.447329
ts6,6.086416,8.615497
tx39_sim,3.164639,4.226243
uClibc-ng_1_0_29,0.00918,0.093211
uClibc,0.018493,0.148097
uClinux-base,0.03293,0.131092
uClinux-config,0.140575,1.119298
uClinux-distribution,0.017614,0.149862
uClinux,0.001536,0.112062
uE250,6.944956,9.880652
uf250-01,6.532349,4.59217
uf250-010,5.05993,0.607641
uf250-0100,4.521021,1.157851
uf250-011,5.538272,7.460181
uf250-012,1.375219,1.283499
uf250-013,1.753759,1.984656
uf250-014,2.605606,0.427739
uf250-015,1.651849,0.425409
uf250-016,2.955357,1.816109
uf250-017,1.739023,0.593939
uf250-018,2.937804,1.309911
uf250-019,21.146708,44.35364
uf250-02,0.193369,5.005698
uf250-020,1.836498,1.972049
uf250-021,13.993152,13.563355
uf250-022,5.299534,0.944778
uf250-023,3.413786,1.229628
uf250-024,4.2344,2.136903
uf250-025,3.332701,1.895613
uf250-026,0.365607,5.368891
uf250-027,2.996808,0.89064
uf250-028,3.361614,2.176795
uf250-029,8.392463,3.387377
uf250-03,3.608868,0.476397
uf250-030,4.841423,0.194425
uf250-031,7.439438,0.129652
uf250-032,5.438755,3.021816
uf250-033,7.982473,0.896187
uf250-034,4.58514,2.94387
uf250-035,4.176302,1.256755
uf250-036,0.080109,4.898786
uf250-037,7.239979,3.546244
uf250-038,11.3008,2.693323
uf250-039,3.37762,1.545509
uf250-04,21.227973,36.077281
uf250-040,2.509275,0.960182
uf250-041,1.180958,1.004545
uf250-042,3.729607,0.743378
uf250-043,1.801206,1.965136
uf250-044,2.226559,0.772853
uf250-045,1.814801,0.866698
uf250-046,6.230087,1.051144
uf250-047,4.878285,0.598834
uf250-048,3.182782,1.058916
uf250-049,4.572512,4.482817
uf250-05,1.946568,4.415202
uf250-050,2.209867,0.524564
uf250-051,2.421371,0.218792
uf250-052,2.218047,1.37098
uf250-053,2.737118,2.360361
uf250-054,2.79439,2.215291
uf250-055,4.210815,0.495106
uf250-056,5.600227,0.207974
uf250-057,2.830948,0.253725
uf250-058,3.66655,0.936587
uf250-059,3.447324,0.195047
uf250-06,3.550971,0.597438
uf250-060,3.777116,2.113619
uf250-061,1.120506,1.853731
uf250-062,2.063628,1.477316
uf250-063,3.226071,0.810158
uf250-064,1.890469,0.710826
uf250-065,5.171276,0.866113
uf250-066,6.414702,0.956588
uf250-067,1.600539,0.95881
uf250-068,4.114652,0.389179
uf250-069,5.413632,1.709804
uf250-07,5.60973,4.754137
uf250-070,3.05506,0.459481
uf250-071,5.350369,2.240116
uf250-072,0.78557,2.464562
uf250-073,8.857915,1.251423
uf250-074,5.523107,5.389575
uf250-075,2.305636,0.448486
uf250-076,5.469276,1.058009
uf250-077,2.446568,0.181099
uf250-078,3.776199,1.045175
uf250-079,6.933208,0.830151
uf250-08,2.256852,0.509948
uf250-080,4.226363,0.68119
uf250-081,6.025704,0.794419
uf250-082,3.22902,1.118562
uf250-083,3.929988,0.233879
uf250-084,7.423512,0.424717
uf250-085,1.498532,0.531834
uf250-086,2.995717,1.96031
uf250-087,4.751018,1.27168
uf250-088,4.983017,0.249263
uf250-089,4.842899,5.548087
uf250-09,2.036901,0.151524
uf250-090,2.203479,1.2671
uf250-091,5.279077,3.942774
uf250-092,4.205827,1.327307
uf250-093,1.490301,0.354828
uf250-094,4.313884,0.988481
uf250-095,3.865192,2.602156
uf250-096,7.781354,0.721102
uf250-097,1.627232,0.400661
uf250-098,2.805258,3.039933
uf250-099,5.438606,1.964462
uts_k1_p_t1,0.000702,0.062964
uts_k1_p_t10,0.266568,0.43887
uts_k1_p_t2,0.005003,0.084699
uts_k1_p_t3,0.008667,0.065092
uts_k1_p_t4,0.036567,0.143797
uts_k1_p_t5,0.050105,0.154571
uts_k1_p_t6,0.083585,0.186826
uts_k1_p_t7,0.327125,0.407942
uts_k1_p_t8,0.175253,0.305565
uts_k1_p_t9,0.275442,0.446321
uts_k2_p_t1,0.003962,0.061877
uts_k2_p_t10,-1.0,-1.0
uts_k2_p_t2,0.612888,0.945723
uts_k2_p_t3,4.913733,9.117302
uts_k2_p_t4,11.396576,23.754699
uts_k2_p_t5,42.662705,66.212603
uts_k2_p_t6,78.325346,147.251026
uts_k2_p_t7,428.469586,735.597864
uts_k2_p_t8,433.848112,592.06207
uts_k2_p_t9,-1.0,-1.0
uts_k3_p_t1,0.04505,0.349567
uts_k3_p_t2,37.610509,97.989734
uts_k3_p_t3,-1.0,-1.0
uts_k3_p_t4,-1.0,-1.0
uts_k4_p_t1,0.629037,2.797653
uts_k5_p_t1,9.970551,42.909955
vads,12.069995,13.226883
viper,5.052222,6.100978
vrc4373,4.507682,7.790805
vrc4375,9.366543,14.001449
wff.3.150.525,530.746243,211.763383
wff.3.150.525.nnf,-1.0,-1.0
wff.3.75.315,0.002086,0.09726
