file_name,build_time,count_time
10random,0.06285,0.018276
2bitcomp_5,0.481806,0.514366
2bitmax_6,6.124953,6.466579
2bitmax_6_1,5.143296,5.507513
3blocks,0.096755,0.010117
4blocks,3.594277,0.054796
4blocksb,0.064503,0.017116
4step,0.041466,0.015745
50-10-1-q,0.622158,0.801246
50-10-10-q,0.275167,0.30928
50-10-2-q,1.371392,1.700956
50-10-3-q,1.651257,2.312161
50-10-4-q,0.361076,0.250803
50-10-5-q,0.466084,0.237677
50-10-6-q,0.951167,1.835496
50-10-7-q,0.857452,0.820456
50-10-8-q,0.241673,0.234657
50-10-9-q,0.827395,1.102912
50-12-1-q,1.595663,2.326396
50-12-10-q,6.858303,13.390906
50-12-2-q,1.775349,2.867475
50-12-3-q,2.341753,4.143495
50-12-4-q,4.06142,6.966023
50-12-5-q,1.648879,2.663182
50-12-6-q,0.7935,1.05715
50-12-7-q,6.652842,12.740515
50-12-8-q,3.587114,6.279438
50-12-9-q,1.693053,3.264943
50-14-1-q,44.478939,62.046582
50-14-10-q,8.836546,12.525998
50-14-2-q,5.384335,10.591415
50-14-3-q,28.238368,43.851103
50-14-4-q,5.137438,7.636043
50-14-5-q,5.039936,8.292045
50-14-6-q,8.211102,14.093755
50-14-7-q,38.37432,61.364489
50-14-8-q,3.488122,5.641807
50-14-9-q,32.47485,56.035683
50-16-1-q,66.355437,108.05705
50-16-10-q,364.365499,443.465198
50-16-2-q,203.945308,310.667075
50-16-3-q,63.553317,87.279994
50-16-4-q,183.874912,301.302512
50-16-5-q,76.35118,152.050903
50-16-6-q,54.364881,83.073846
50-16-7-q,25.313961,45.175287
50-16-8-q,54.414911,72.088905
50-16-9-q,142.651999,244.472613
50-18-2-q,267.662109,274.232268
50-18-3-q,117.210043,134.973321
50-18-4-q,730.044587,846.853721
50-18-5-q,818.334247,753.524926
50-18-6-q,278.780615,365.187151
50-18-8-q,284.915371,327.201122
50-18-9-q,190.271633,222.062841
5step,0.047861,0.01416
75-10-1-q,0.046077,0.016435
75-10-10-q,0.109828,0.025566
75-10-2-q,0.090524,0.0392
75-10-3-q,0.080887,0.018244
75-10-4-q,0.159163,0.028025
75-10-5-q,0.131403,0.059982
75-10-6-q,0.08118,0.059966
75-10-7-q,0.181848,0.064183
75-10-8-q,0.111113,0.052331
75-10-9-q,0.270566,0.087424
75-12-1-q,0.239518,0.132293
75-12-10-q,0.374696,0.097302
75-12-2-q,0.120115,0.059693
75-12-3-q,0.308381,0.179938
75-12-4-q,0.183962,0.178888
75-12-5-q,0.358387,0.264621
75-12-6-q,0.29943,0.152891
75-12-7-q,0.192325,0.057399
75-12-8-q,0.384632,0.294214
75-12-9-q,0.138743,0.06167
75-14-1-q,0.373441,0.09878
75-14-10-q,0.420462,0.267591
75-14-2-q,0.250508,0.122473
75-14-3-q,0.685999,0.353155
75-14-4-q,0.325611,0.217286
75-14-5-q,0.45902,0.157001
75-14-6-q,0.64778,0.25618
75-14-7-q,0.821583,0.521816
75-14-8-q,0.680374,0.379212
75-14-9-q,3.104625,3.664022
75-15-1-q,0.294895,0.170132
75-15-10-q,0.554378,0.334329
75-15-2-q,0.491655,0.610888
75-15-3-q,0.595041,0.44757
75-15-4-q,0.229301,0.094582
75-15-5-q,0.034034,0.032364
75-15-6-q,0.768765,0.420106
75-15-7-q,2.926869,4.439075
75-15-8-q,0.489605,0.397501
75-15-9-q,0.848732,0.444776
75-16-1-q,1.58003,1.629607
75-16-10-q,1.380295,1.339278
75-16-2-q,2.055952,1.739152
75-16-3-q,3.527285,3.752949
75-16-4-q,5.276551,8.075776
75-16-5-q,0.573947,0.408911
75-16-6-q,0.629671,0.310877
75-16-7-q,1.465586,1.370857
75-16-8-q,0.7869,0.304854
75-16-9-q,1.676292,1.573349
75-17-1-q,2.911525,3.414438
75-17-10-q,0.75215,0.389085
75-17-2-q,0.898241,0.687002
75-17-3-q,3.93968,4.554963
75-17-4-q,0.946843,0.757392
75-17-5-q,2.040609,1.872571
75-17-6-q,1.484865,1.552974
75-17-7-q,4.746052,4.990382
75-17-8-q,2.1641,1.649223
75-17-9-q,2.59653,2.796074
75-18-1-q,1.432278,1.075521
75-18-10-q,2.895567,2.498884
75-18-2-q,23.506931,22.809838
75-18-3-q,4.185872,3.901426
75-18-4-q,0.600169,0.277299
75-18-5-q,1.899388,1.095515
75-18-6-q,2.043253,2.415519
75-18-7-q,6.624179,7.237904
75-18-8-q,4.505801,5.110595
75-18-9-q,5.139669,2.683022
75-19-1-q,7.717856,8.629947
75-19-10-q,2.789394,3.039292
75-19-2-q,6.002342,7.088933
75-19-3-q,5.066381,5.26514
75-19-4-q,3.132199,3.18172
75-19-5-q,2.124994,2.179193
75-19-6-q,7.690194,7.404645
75-19-7-q,6.805037,5.638941
75-19-8-q,14.130681,14.617184
75-19-9-q,3.656803,3.872581
75-20-1-q,14.785368,11.248917
75-20-10-q,18.051764,16.385836
75-20-2-q,90.561377,28.305149
75-20-3-q,6.343871,4.999482
75-20-4-q,3.274835,2.264339
75-20-5-q,1.861259,1.474202
75-20-6-q,11.284378,12.403343
75-20-7-q,20.405781,19.522429
75-20-8-q,34.472489,36.921941
75-20-9-q,6.451149,5.466967
75-21-1-q,4.33712,3.79921
75-21-10-q,19.237158,19.953244
75-21-2-q,11.571165,11.97974
75-21-3-q,26.797817,19.769234
75-21-4-q,10.550428,9.054481
75-21-5-q,6.196543,4.919283
75-21-6-q,118.7135,109.014122
75-21-7-q,62.979295,58.469893
75-21-8-q,22.260633,20.123005
75-21-9-q,0.062653,0.063837
75-22-1-q,23.76438,22.800485
75-22-10-q,12.114998,10.946654
75-22-2-q,48.991352,45.388032
75-22-3-q,15.791269,13.486975
75-22-4-q,95.086693,93.348136
75-22-5-q,4.982156,4.863629
75-22-6-q,144.855664,138.586897
75-22-8-q,44.035539,35.082749
75-22-9-q,33.256513,27.735212
75-23-1-q,8.874668,7.493336
75-23-10-q,30.46385,27.838904
75-23-2-q,96.063859,62.122505
75-23-3-q,37.287627,34.631145
75-23-4-q,174.469785,134.316251
75-23-5-q,16.319782,13.787058
75-23-6-q,121.119908,106.043299
75-23-7-q,39.243355,32.634024
75-23-8-q,78.3988,60.325378
75-24-1-q,41.953048,39.148881
75-24-10-q,501.049915,166.105167
75-24-2-q,0.055782,0.0469
75-24-4-q,12.497116,13.276829
75-24-5-q,278.531358,242.01166
75-24-6-q,235.06621,201.256177
75-24-7-q,151.451166,110.650864
75-24-8-q,16.736862,14.746752
75-25-1-q,21.235541,15.318045
75-25-2-q,74.131369,57.221402
75-25-3-q,185.084674,129.742621
75-25-6-q,531.437208,466.045207
75-26-10-q,89.363823,57.124757
75-26-2-q,473.13097,401.89174
75-26-4-q,67.495948,49.088972
75-26-7-q,21.096327,14.096271
75-26-9-q,169.458741,113.756853
7z,0.030175,0.025102
90-10-1-q,0.054802,0.015234
90-10-10-q,0.036666,0.032779
90-10-2-q,0.090767,0.02371
90-10-3-q,0.043668,0.04454
90-10-4-q,0.128142,0.031224
90-10-5-q,0.040445,0.013671
90-10-6-q,0.028436,0.028636
90-10-7-q,0.071536,0.02207
90-10-8-q,0.074418,0.037855
90-10-9-q,0.060529,0.014112
90-12-1-q,0.062282,0.019471
90-12-10-q,0.134092,0.036273
90-12-2-q,0.117792,0.028086
90-12-3-q,0.105373,0.023938
90-12-4-q,0.158618,0.024316
90-12-5-q,0.096076,0.022486
90-12-6-q,0.067912,0.03672
90-12-7-q,0.094873,0.027783
90-12-8-q,0.236606,0.048702
90-12-9-q,0.054304,0.03541
90-14-1-q,0.051285,0.040413
90-14-10-q,0.130068,0.06009
90-14-2-q,0.049979,0.022129
90-14-3-q,0.051821,0.040814
90-14-4-q,0.084749,0.048024
90-14-5-q,0.129231,0.056318
90-14-6-q,0.066408,0.044284
90-14-7-q,0.062527,0.025436
90-14-8-q,0.142581,0.027682
90-14-9-q,0.068244,0.026689
90-15-1-q,0.178676,0.038096
90-15-10-q,0.15685,0.028143
90-15-2-q,0.289804,0.135006
90-15-3-q,0.133791,0.048453
90-15-4-q,0.049389,0.019986
90-15-5-q,0.068649,0.02992
90-15-6-q,0.275844,0.051458
90-15-7-q,0.056572,0.027406
90-15-8-q,0.10715,0.030363
90-15-9-q,0.075893,0.029909
90-16-1-q,0.195387,0.079839
90-16-10-q,0.108244,0.030293
90-16-2-q,0.076168,0.060397
90-16-3-q,0.138466,0.037184
90-16-4-q,0.166893,0.040548
90-16-5-q,0.276612,0.050254
90-16-6-q,0.08655,0.044014
90-16-7-q,0.257534,0.076588
90-16-8-q,0.081884,0.025297
90-16-9-q,0.237136,0.052188
90-17-1-q,0.074345,0.029062
90-17-10-q,0.154207,0.043517
90-17-2-q,0.073389,0.039789
90-17-3-q,0.288719,0.045447
90-17-4-q,0.359712,0.093323
90-17-5-q,0.117648,0.039298
90-17-6-q,0.083753,0.034165
90-17-7-q,0.132722,0.055507
90-17-8-q,0.113725,0.045183
90-17-9-q,0.26308,0.057495
90-18-1-q,0.147848,0.064514
90-18-10-q,0.176834,0.054036
90-18-2-q,0.100898,0.05007
90-18-3-q,0.174029,0.04211
90-18-4-q,0.101606,0.053986
90-18-5-q,0.185332,0.110125
90-18-6-q,0.1013,0.041927
90-18-7-q,0.219508,0.041824
90-18-8-q,0.123395,0.172578
90-18-9-q,0.077994,0.044425
90-19-1-q,0.24417,0.072538
90-19-10-q,0.457927,0.126794
90-19-2-q,0.109146,0.055526
90-19-3-q,0.140224,0.04737
90-19-4-q,0.188424,0.050736
90-19-5-q,0.051402,0.028684
90-19-6-q,0.190688,0.051736
90-19-7-q,0.250733,0.054909
90-19-8-q,0.145369,0.038908
90-19-9-q,0.041421,0.03606
90-20-1-q,0.110905,0.038226
90-20-10-q,0.164033,0.047661
90-20-2-q,0.224385,0.072902
90-20-3-q,0.257387,0.078538
90-20-4-q,0.124277,0.055309
90-20-5-q,0.257093,0.067401
90-20-6-q,0.151575,0.037726
90-20-7-q,0.318879,0.105198
90-20-8-q,0.32581,0.080949
90-20-9-q,0.122481,0.050768
90-21-1-q,0.131554,0.044596
90-21-10-q,0.564859,0.246772
90-21-2-q,0.294978,0.074202
90-21-3-q,0.081669,0.039184
90-21-4-q,0.04977,0.032527
90-21-5-q,0.207214,0.059682
90-21-6-q,0.095104,0.051332
90-21-7-q,0.17565,0.06154
90-21-8-q,0.113293,0.046046
90-21-9-q,0.537696,0.128187
90-22-1-q,0.337063,0.065805
90-22-10-q,0.438191,0.068719
90-22-2-q,0.489635,0.146274
90-22-3-q,0.381281,0.089647
90-22-4-q,0.151566,0.06876
90-22-5-q,0.227377,0.079187
90-22-6-q,0.243163,0.041813
90-22-7-q,0.498704,0.118573
90-22-8-q,0.048447,0.038831
90-22-9-q,0.189314,0.073554
90-23-1-q,0.324903,0.110564
90-23-10-q,0.363818,0.07925
90-23-2-q,1.867422,0.890156
90-23-3-q,0.318366,0.11567
90-23-4-q,0.087151,0.054439
90-23-5-q,0.199163,0.067769
90-23-6-q,0.174631,0.05684
90-23-7-q,0.281194,0.069887
90-23-8-q,0.53812,0.10411
90-23-9-q,0.055262,0.03975
90-24-1-q,0.05627,0.066334
90-24-10-q,0.930429,0.296052
90-24-2-q,0.115698,0.073466
90-24-3-q,0.470058,0.112933
90-24-4-q,0.262339,0.108262
90-24-5-q,0.396505,0.090316
90-24-6-q,0.056778,0.054423
90-24-7-q,0.439276,0.198226
90-24-8-q,0.156381,0.05274
90-24-9-q,0.375291,0.096106
90-25-1-q,0.240943,0.159264
90-25-10-q,0.299398,0.101056
90-25-2-q,0.277893,0.061691
90-25-3-q,0.303807,0.127118
90-25-4-q,1.387978,0.39606
90-25-5-q,0.391063,0.150198
90-25-6-q,0.854576,0.239092
90-25-7-q,2.133233,0.595642
90-25-8-q,1.356576,0.856263
90-25-9-q,1.429871,0.294789
90-26-1-q,0.116773,0.086871
90-26-10-q,0.574154,0.156179
90-26-2-q,0.082662,0.044619
90-26-3-q,0.952963,0.346263
90-26-4-q,0.866534,0.241538
90-26-5-q,0.659122,0.169886
90-26-6-q,3.804996,1.849379
90-26-7-q,0.071231,0.052622
90-26-8-q,2.713049,1.365935
90-26-9-q,0.065032,0.061508
90-30-1-q,3.964938,1.877328
90-30-10-q,1.218302,0.297866
90-30-2-q,1.444254,0.595767
90-30-3-q,1.728928,0.546897
90-30-4-q,0.752285,0.325065
90-30-5-q,1.838298,0.494337
90-30-6-q,1.897012,0.776689
90-30-7-q,2.050462,1.003455
90-30-8-q,2.987783,1.35291
90-30-9-q,1.761644,0.996944
90-34-1-q,36.927182,16.704237
90-34-10-q,5.952549,1.923567
90-34-2-q,2.150086,0.56606
90-34-3-q,19.975873,8.900129
90-34-4-q,0.83274,0.361895
90-34-5-q,1.864468,0.616412
90-34-6-q,1.944184,0.656372
90-34-7-q,43.377711,16.480772
90-34-8-q,0.096074,0.049138
90-34-9-q,1.366378,0.448541
90-38-1-q,22.44484,8.24571
90-38-10-q,44.993501,16.885184
90-38-2-q,13.643025,3.193946
90-38-3-q,3.62742,0.921936
90-38-4-q,1.638991,0.521629
90-38-5-q,3.46532,0.937996
90-38-6-q,5.220459,1.854979
90-38-7-q,44.121172,15.551322
90-38-8-q,3.591956,1.341453
90-38-9-q,5.988709,2.427814
90-42-1-q,707.121302,250.409176
90-42-10-q,101.823684,34.878416
90-42-2-q,26.351805,7.689348
90-42-3-q,22.267343,8.685687
90-42-4-q,286.224854,62.238521
90-42-5-q,4.582246,1.305946
90-42-6-q,54.889146,17.760325
90-42-7-q,28.573527,10.021682
90-42-8-q,351.776904,111.37811
90-46-1-q,94.79357,24.021433
90-46-10-q,0.222912,0.136156
90-46-2-q,302.857787,15.918567
90-46-3-q,18.810332,6.541287
90-46-9-q,20.607032,7.717332
90-50-10-q,60.678145,15.310474
90-50-2-q,0.367369,0.162969
90-50-3-q,6.156161,1.638697
90-50-4-q,32.739012,7.387287
90-50-6-q,96.720142,30.799347
90-50-7-q,0.209616,0.139097
90-50-8-q,45.975696,12.612011
BerkeleyDBC,0.041617,0.027139
C129_FR,8.372208,4.928546
C140_FC,10.882788,6.309006
C140_FV,6.22774,4.104161
C140_FW,8.327275,4.384039
C163_FW,6.958959,2.871485
C168_FW,60.195641,36.224203
C169_FV,0.032289,0.011869
C169_FW,0.039217,0.028086
C170_FR,36.650789,17.207508
C171_FR,1.27538,0.70508
C202_FS,353.33111,255.435837
C202_FW,478.266996,337.729472
C203_FCL,6.27435,3.100608
C203_FS,14.287453,6.486613
C203_FW,25.434072,9.367237
C208_FA,42.010527,27.063016
C208_FC,51.122429,32.602115
C209_FA,1.33233,0.667771
C209_FC,2.314816,1.329454
C210_FS,802.758704,477.066462
C210_FVF,1.179533,0.516091
C210_FW,633.63695,545.139861
C211_FS,0.092387,0.043176
C211_FW,1.657664,0.971378
C215_FC,9.274225,5.139019
C220_FV,48.739055,29.98885
C220_FW,112.968129,48.808124
C230_FR,2.773146,1.419194
C250_FV,0.045411,0.017453
C250_FW,0.082054,0.092469
C638_FKA,1.056901,0.287783
C638_FKB,1.268311,0.360623
C638_FVK,0.270059,0.080048
D1119_M20,0.048829,0.01233
D1119_M23,0.059445,0.01539
Dune,0.037708,0.025163
HiPAcc,0.036507,0.008
JHipster,0.029067,0.005702
JavaGC,0.038189,0.014427
LLVM,0.035764,0.039423
Polly,0.044957,0.008121
VP9,0.031131,0.006714
X264,0.027288,0.006794
XSEngine,1.55369,0.502373
aaed2000,2.159608,0.866575
adder,3.672783,1.36807
adderII,4.194433,1.719046
aeb,2.325573,0.921445
aim711,6.997203,0.662726
ais10,2.581606,0.019569
ais12,116.50863,0.068433
ais6,0.042915,0.006922
ais8,0.155201,0.027383
aki3068net,2.910182,1.036602
am31_sim,1.171324,0.315695
anomaly,0.010251,0.00656
asb,2.066238,0.658389
asb2305,2.324193,1.132641
assabet,1.960939,0.993111
at91sam7sek,3.117035,1.479281
at91sam7xek,4.584986,1.877276
atlas_mips32_4kc,2.116521,0.694218
atlas_mips64_5kc,2.432809,0.876283
automotive01,0.493212,0.096668
automotive2_4,2.20684,0.568359
axTLS,0.05134,0.011342
axtls_2_1_4,0.035961,0.014576
berkeleydb,0.046921,0.016198
binsearch.16,1105.378797,382.036796
binsearch.16.pp,0.1525,0.025614
binsearch.32.pp,0.178126,0.030477
blockmap_05_01.net,0.040843,0.013923
blockmap_05_02.net,0.065026,0.051197
blockmap_05_03.net,0.087363,0.022801
blockmap_10_01.net,0.23559,0.083999
blockmap_10_02.net,0.785881,0.134727
blockmap_10_03.net,1.878805,0.170132
blockmap_15_01.net,1.215709,0.209888
blockmap_15_02.net,3.989363,0.29327
blockmap_15_03.net,7.482964,0.453653
blockmap_20_01.net,6.318646,0.548858
blockmap_20_02.net,21.137625,0.828115
blockmap_20_03.net,50.558778,2.15181
blockmap_22_01.net,-1,-1
blockmap_22_02.net,-1,-1
blockmap_22_03.net,-1,-1
blocks_right_2_p_t1,0.052795,0.031486
blocks_right_2_p_t10,1.111016,0.248552
blocks_right_2_p_t2,0.168379,0.017238
blocks_right_2_p_t3,0.173107,0.021719
blocks_right_2_p_t4,0.135885,0.030035
blocks_right_2_p_t5,0.234048,0.07356
blocks_right_2_p_t6,0.377305,0.072065
blocks_right_2_p_t7,0.441745,0.0816
blocks_right_2_p_t8,0.779545,0.097557
blocks_right_2_p_t9,0.734927,0.12588
blocks_right_3_p_t1,0.161928,0.034016
blocks_right_3_p_t10,299.064921,74.637653
blocks_right_3_p_t2,0.275165,0.063679
blocks_right_3_p_t3,0.756992,0.162262
blocks_right_3_p_t4,1.580548,0.365404
blocks_right_3_p_t5,5.1678,2.106767
blocks_right_3_p_t6,13.868674,4.897395
blocks_right_3_p_t7,29.157169,7.608406
blocks_right_3_p_t8,45.013074,11.235809
blocks_right_3_p_t9,105.961855,28.498454
blocks_right_4_p_t1,0.320074,0.169244
blocks_right_4_p_t2,2.518926,0.807526
blocks_right_4_p_t3,11.981818,4.805428
blocks_right_4_p_t4,40.430726,11.708183
blocks_right_4_p_t5,170.029655,51.650502
blocks_right_4_p_t6,1048.120104,298.695979
blocks_right_5_p_t1,3.441076,1.807138
blocks_right_5_p_t2,19.627408,7.579702
blocks_right_5_p_t3,281.442867,86.976382
blocks_right_5_p_t4,1123.63548,247.239978
blocks_right_6_p_t1,67.31642,45.484656
blocks_right_6_p_t2,231.930328,84.798141
bmc-ibm-1,2.511805,0.242383
bmc-ibm-11,-1,-1
bmc-ibm-12,358.295457,12.446776
bmc-ibm-13,20.717496,1.010702
bmc-ibm-2,0.120955,0.022341
bmc-ibm-3,0.299295,0.065128
bmc-ibm-4,46.337242,2.429735
bmc-ibm-5,29.015963,4.584112
bomb_b10_t10_p_t1,0.128478,0.047882
bomb_b10_t10_p_t10,0.702342,0.366682
bomb_b10_t10_p_t11,0.599224,0.316222
bomb_b10_t10_p_t12,1.032238,0.426249
bomb_b10_t10_p_t13,1.474081,0.407017
bomb_b10_t10_p_t14,0.855894,0.410162
bomb_b10_t10_p_t15,0.847601,0.321111
bomb_b10_t10_p_t16,1.342652,0.532803
bomb_b10_t10_p_t17,1.103678,0.49387
bomb_b10_t10_p_t18,1.325713,0.460083
bomb_b10_t10_p_t19,1.499611,0.444974
bomb_b10_t10_p_t2,0.191004,0.205803
bomb_b10_t10_p_t20,2.2105,0.589971
bomb_b10_t10_p_t3,0.201163,0.093921
bomb_b10_t10_p_t4,0.289066,0.111529
bomb_b10_t10_p_t5,0.355366,0.138531
bomb_b10_t10_p_t6,0.418528,0.184225
bomb_b10_t10_p_t7,0.900827,0.227657
bomb_b10_t10_p_t8,0.612673,0.284384
bomb_b10_t10_p_t9,0.779886,0.264407
bomb_b10_t5_p_t1,0.13512,0.119244
bomb_b10_t5_p_t10,0.311685,0.15159
bomb_b10_t5_p_t2,0.106601,0.035646
bomb_b10_t5_p_t3,0.179693,0.133794
bomb_b10_t5_p_t4,0.371469,0.099228
bomb_b10_t5_p_t5,0.428514,0.132504
bomb_b10_t5_p_t6,0.415443,0.094435
bomb_b10_t5_p_t7,0.251037,0.103526
bomb_b10_t5_p_t8,0.27231,0.111601
bomb_b10_t5_p_t9,0.280319,0.148123
bomb_b20_t5_p_t1,0.134601,0.06827
bomb_b20_t5_p_t10,1.109477,0.461191
bomb_b20_t5_p_t2,0.190988,0.114926
bomb_b20_t5_p_t3,0.412056,0.124585
bomb_b20_t5_p_t4,0.438765,0.186005
bomb_b20_t5_p_t5,0.645519,0.276785
bomb_b20_t5_p_t6,0.639961,0.287491
bomb_b20_t5_p_t7,0.771825,0.363273
bomb_b20_t5_p_t8,0.808797,0.322475
bomb_b20_t5_p_t9,1.653029,0.529454
bomb_b5_t1_p_t1,0.087215,0.017086
bomb_b5_t1_p_t10,0.083093,0.044582
bomb_b5_t1_p_t2,0.116969,0.016479
bomb_b5_t1_p_t3,0.064923,0.015829
bomb_b5_t1_p_t4,0.072322,0.061951
bomb_b5_t1_p_t5,0.111705,0.029758
bomb_b5_t1_p_t6,0.124024,0.02117
bomb_b5_t1_p_t7,0.068074,0.03219
bomb_b5_t1_p_t8,0.072934,0.049092
bomb_b5_t1_p_t9,0.09342,0.05053
bomb_b5_t5_p_t1,0.142015,0.025004
bomb_b5_t5_p_t10,0.224791,0.074935
bomb_b5_t5_p_t2,0.081375,0.03649
bomb_b5_t5_p_t3,0.08582,0.036321
bomb_b5_t5_p_t4,0.080593,0.041433
bomb_b5_t5_p_t5,0.168634,0.076995
bomb_b5_t5_p_t6,0.227214,0.048467
bomb_b5_t5_p_t7,0.154696,0.085448
bomb_b5_t5_p_t8,0.345847,0.060354
bomb_b5_t5_p_t9,0.167774,0.057224
brutus,2.236146,0.774772
buildroot,825.720491,113.362485
busybox-1.18.0,0.205494,0.05951
busybox_1_28_0,0.162275,0.062037
bw_large.a,0.012793,0.007656
bw_large.b,0.039688,0.00886
bw_large.c,0.203457,0.030191
bw_large.d,2.872304,0.050023
c1355.isc,54.94625,50.135834
c1908.isc,639.174451,361.847529
c432.isc,0.116453,0.054392
c499.isc,21.82734,36.377819
c7552.isc,643.554458,233.110347
c880.isc,138.18,158.229914
calm16_ceb,2.275224,0.949411
calm32_ceb,1.661874,0.716139
ceb_v850,1.506176,0.517731
cerf,3.165595,1.286306
cerfpda,3.190352,1.526688
cma230,1.777156,0.613589
cma28x,1.45139,0.500812
cme555,2.702232,1.270479
cnt06.shuffled,0.028069,0.020208
cnt07.shuffled,0.054819,0.010132
cnt08.shuffled,0.436549,0.025821
cnt09.shuffled,3.157411,0.029162
cnt10.shuffled,17.073712,0.029452
coins_p01_p_t1,0.114925,0.018265
coins_p01_p_t10,319.335633,110.496988
coins_p01_p_t2,0.35351,0.109379
coins_p01_p_t3,1.486451,0.43936
coins_p01_p_t4,4.360988,2.416075
coins_p01_p_t5,68.564292,8.484228
coins_p01_p_t6,26.067591,15.598421
coins_p01_p_t7,191.210016,117.368181
coins_p01_p_t8,389.291318,217.892952
coins_p01_p_t9,-1,-1
coins_p02_p_t1,0.071402,0.014797
coins_p02_p_t10,255.415878,34.22452
coins_p02_p_t2,0.270274,0.146041
coins_p02_p_t3,1.548232,0.528776
coins_p02_p_t4,4.259222,2.001746
coins_p02_p_t5,66.714425,5.968694
coins_p02_p_t6,29.697227,16.965134
coins_p02_p_t7,195.889315,99.330356
coins_p02_p_t8,391.613703,226.77678
coins_p03_p_t1,0.150363,0.03357
coins_p03_p_t2,0.288036,0.143993
coins_p03_p_t3,1.940167,1.298855
coins_p03_p_t4,5.802969,2.66721
coins_p03_p_t5,61.407419,11.754073
coins_p03_p_t6,27.906148,18.209907
coins_p03_p_t7,181.575126,105.730008
coins_p03_p_t8,236.784981,70.487218
coins_p03_p_t9,747.120213,460.367544
coins_p04_p_t1,0.062866,0.029446
coins_p04_p_t10,293.916126,86.459882
coins_p04_p_t2,0.455092,0.154942
coins_p04_p_t3,1.859799,0.7335
coins_p04_p_t4,5.617183,2.710545
coins_p04_p_t5,65.718752,7.839825
coins_p04_p_t6,28.403672,15.619984
coins_p04_p_t7,204.321425,133.292763
coins_p04_p_t8,380.945108,216.025241
coins_p04_p_t9,730.913286,515.685591
coins_p05_p_t1,0.057214,0.01543
coins_p05_p_t10,60.097678,23.513257
coins_p05_p_t2,0.301268,0.114754
coins_p05_p_t3,2.273061,1.624031
coins_p05_p_t4,5.182308,2.358499
coins_p05_p_t5,71.778024,14.096549
coins_p05_p_t6,30.134714,4.165721
coins_p05_p_t7,128.191196,65.212406
coins_p05_p_t8,281.758675,61.378216
coins_p05_p_t9,408.294761,82.570027
coins_p10_p_t1,0.397212,0.097999
coins_p10_p_t2,5.375435,4.656573
coins_p10_p_t3,171.712449,100.743971
comm_p01_p_t1,0.059853,0.025942
comm_p01_p_t10,4.747191,1.536882
comm_p01_p_t2,0.205173,0.075144
comm_p01_p_t3,0.486115,0.202573
comm_p01_p_t4,0.824447,0.23752
comm_p01_p_t5,0.921191,0.404187
comm_p01_p_t6,1.238541,0.569728
comm_p01_p_t7,2.274457,1.237497
comm_p01_p_t8,1.928636,0.557174
comm_p01_p_t9,3.465185,1.469384
comm_p02_p_t1,0.100066,0.047331
comm_p02_p_t10,25.325133,6.374061
comm_p02_p_t2,0.795481,0.411527
comm_p02_p_t3,1.045539,0.66031
comm_p02_p_t4,2.299765,1.516567
comm_p02_p_t5,4.435137,2.55802
comm_p02_p_t6,5.589467,2.072492
comm_p02_p_t7,8.670819,3.515727
comm_p02_p_t8,9.247238,4.036604
comm_p02_p_t9,18.180608,7.516023
comm_p03_p_t1,0.13603,0.065209
comm_p03_p_t10,39.28224,10.737709
comm_p03_p_t2,1.371797,0.925595
comm_p03_p_t3,4.398861,2.399242
comm_p03_p_t4,4.934631,2.805486
comm_p03_p_t5,10.10405,4.643237
comm_p03_p_t6,17.586232,5.750418
comm_p03_p_t7,24.033813,9.612613
comm_p03_p_t8,16.578425,5.736734
comm_p03_p_t9,30.213159,8.813903
comm_p04_p_t1,0.452689,0.282875
comm_p04_p_t10,169.718199,33.620018
comm_p04_p_t2,4.396546,2.859048
comm_p04_p_t3,8.632917,4.396304
comm_p04_p_t4,21.131081,12.093695
comm_p04_p_t5,30.732243,12.920768
comm_p04_p_t6,36.237061,12.569891
comm_p04_p_t7,63.696318,24.380854
comm_p04_p_t8,85.42227,25.801424
comm_p04_p_t9,109.58503,30.865664
comm_p05_p_t1,0.994042,0.719246
comm_p05_p_t10,1137.272441,161.428338
comm_p05_p_t2,8.80917,5.435164
comm_p05_p_t3,25.089123,13.31096
comm_p05_p_t4,64.298829,27.096362
comm_p05_p_t5,92.389627,32.319936
comm_p05_p_t6,148.809091,41.830353
comm_p05_p_t7,507.851369,138.781597
comm_p05_p_t8,206.214089,51.444964
comm_p05_p_t9,488.727695,121.958808
comm_p10_p_t1,111.801631,65.255744
comm_p10_p_t3,-1,-1
cq7708,2.375887,0.89686
cq7750,2.144069,0.402432
csb281,1.61058,0.579134
dreamcast,2.807514,0.932809
e7t,1.603048,0.721349
ea2468,2.022359,0.975696
eb40,2.206752,0.734456
eb40a,1.682921,0.555429
eb42,1.310167,0.471602
eb55,2.266408,0.601774
ebsa285,2.601934,0.78349
ec555,2.812625,1.47546
ecos-icse11,3.459232,2.246418
edb7xxx,2.477297,1.756175
edosk2674,2.54546,1.288576
embtoolkit,1.458823,0.198736
emptyroom_d12_g6_p_t1,0.048995,0.026428
emptyroom_d12_g6_p_t10,0.394644,0.053915
emptyroom_d12_g6_p_t2,0.074284,0.014898
emptyroom_d12_g6_p_t3,0.283026,0.04375
emptyroom_d12_g6_p_t4,0.114373,0.01758
emptyroom_d12_g6_p_t5,0.159766,0.023289
emptyroom_d12_g6_p_t6,0.183374,0.035964
emptyroom_d12_g6_p_t7,0.248633,0.047943
emptyroom_d12_g6_p_t8,0.563204,0.087382
emptyroom_d12_g6_p_t9,0.633734,0.157859
emptyroom_d16_g8_p_t1,0.042784,0.033173
emptyroom_d16_g8_p_t10,1.602949,0.396302
emptyroom_d16_g8_p_t2,0.113495,0.017307
emptyroom_d16_g8_p_t3,0.309821,0.051812
emptyroom_d16_g8_p_t4,0.201848,0.024738
emptyroom_d16_g8_p_t5,0.815465,0.178834
emptyroom_d16_g8_p_t6,0.262244,0.07428
emptyroom_d16_g8_p_t7,0.358701,0.056548
emptyroom_d16_g8_p_t8,0.581871,0.10434
emptyroom_d16_g8_p_t9,1.305315,0.27232
emptyroom_d20_g10_corners_p_t1,0.053941,0.019327
emptyroom_d20_g10_corners_p_t10,-1,-1
emptyroom_d20_g10_corners_p_t2,0.251567,0.03889
emptyroom_d20_g10_corners_p_t3,0.262938,0.080526
emptyroom_d20_g10_corners_p_t4,1.027658,0.472239
emptyroom_d20_g10_corners_p_t5,3.611401,1.693293
emptyroom_d20_g10_corners_p_t6,9.211852,5.882653
emptyroom_d20_g10_corners_p_t7,38.778703,16.483206
emptyroom_d24_g12_p_t1,0.118237,0.022336
emptyroom_d24_g12_p_t10,3.21927,0.428085
emptyroom_d24_g12_p_t2,0.148372,0.022767
emptyroom_d24_g12_p_t3,0.280503,0.05869
emptyroom_d24_g12_p_t4,0.833294,0.20978
emptyroom_d24_g12_p_t5,1.882241,0.242896
emptyroom_d24_g12_p_t6,6.095285,0.819135
emptyroom_d24_g12_p_t7,1.262257,0.153849
emptyroom_d24_g12_p_t8,2.317368,0.258993
emptyroom_d24_g12_p_t9,3.036858,0.248465
emptyroom_d28_g14_corners_p_t1,0.074942,0.022521
emptyroom_d28_g14_corners_p_t10,-1,-1
emptyroom_d28_g14_corners_p_t2,0.184024,0.039003
emptyroom_d28_g14_corners_p_t3,0.310029,0.113397
emptyroom_d28_g14_corners_p_t4,1.772437,0.489669
emptyroom_d28_g14_corners_p_t5,4.368201,2.289105
emptyroom_d28_g14_corners_p_t6,14.648549,6.850385
emptyroom_d28_g14_corners_p_t7,53.904347,18.684975
emptyroom_d28_g14_corners_p_t8,183.196186,61.186196
emptyroom_d28_g14_corners_p_t9,742.367965,265.067135
emptyroom_d4_g2_p_t1,0.033802,0.030813
emptyroom_d4_g2_p_t10,0.098993,0.050608
emptyroom_d4_g2_p_t2,0.041382,0.011667
emptyroom_d4_g2_p_t3,0.108407,0.016247
emptyroom_d4_g2_p_t4,0.061239,0.047338
emptyroom_d4_g2_p_t5,0.101485,0.012938
emptyroom_d4_g2_p_t6,0.062498,0.019267
emptyroom_d4_g2_p_t7,0.116582,0.015828
emptyroom_d4_g2_p_t8,0.053976,0.014217
emptyroom_d4_g2_p_t9,0.07121,0.015528
emptyroom_d8_g4_p_t1,0.070099,0.019645
emptyroom_d8_g4_p_t10,1.278989,0.300479
emptyroom_d8_g4_p_t2,0.20652,0.049821
emptyroom_d8_g4_p_t3,0.108673,0.038891
emptyroom_d8_g4_p_t4,0.228473,0.08202
emptyroom_d8_g4_p_t5,0.240343,0.104887
emptyroom_d8_g4_p_t6,0.988978,0.225685
emptyroom_d8_g4_p_t7,0.78507,0.262293
emptyroom_d8_g4_p_t8,0.752608,0.199163
emptyroom_d8_g4_p_t9,1.22882,0.374579
excalibur_arm9,1.925524,0.72395
fads,1.392923,0.374651
family_grid_new_dispose_4_1_p_t1,278.216192,109.104676
fiasco,0.15078,0.087195
fiasco_17_10,0.051692,0.010492
financial,0.443688,0.043845
financialServices_2018-05-09,0.188898,0.037696
flexanet,3.431669,1.680978
flip_1_p_t1,0.03398,0.007331
flip_1_p_t10,0.033255,0.007207
flip_1_p_t2,0.02524,0.006159
flip_1_p_t3,0.061284,0.012969
flip_1_p_t4,0.038367,0.039913
flip_1_p_t5,0.037663,0.006336
flip_1_p_t6,0.048025,0.022418
flip_1_p_t7,0.02748,0.010452
flip_1_p_t8,0.030503,0.013966
flip_1_p_t9,0.075991,0.01045
flip_no_action_1_p_t1,0.048368,0.008792
flip_no_action_1_p_t10,0.03601,0.014397
flip_no_action_1_p_t2,0.026,0.00653
flip_no_action_1_p_t3,0.029123,0.006202
flip_no_action_1_p_t4,0.079543,0.009065
flip_no_action_1_p_t5,0.045978,0.00573
flip_no_action_1_p_t6,0.032887,0.006548
flip_no_action_1_p_t7,0.05607,0.007511
flip_no_action_1_p_t8,0.034937,0.007805
flip_no_action_1_p_t9,0.083733,0.013941
freebsd-icse11,1.34414,0.529663
freetz,124.086839,11.015254
frv400,2.051085,0.675697
fs-01.net,0.057838,0.024532
gps4020,1.961822,0.551989
grg,3.314344,1.273667
h8300h_sim,1.337143,0.352459
h8max,2.996204,1.704396
h8s_sim,1.447677,0.460626
hanoi4,0.160817,0.014151
hanoi5,0.760681,0.010165
hs7729pci,2.460777,1.012041
huge,0.014271,0.010905
innovator,2.388964,1.323091
integrator_arm7,2.645138,1.286725
integrator_arm9,2.250253,0.988312
ipaq,2.865492,1.481466
iq80310,2.582463,1.066264
iq80321,2.711407,1.485238
ixdp425,2.585618,1.251384
jmr3904,3.310852,2.011402
jtst,2.954216,1.470186
lang12,990.797464,14.597691
linux,2.464548,1.140328
log-1,0.200631,0.034387
log-2,1.425828,0.104527
log-3,0.960512,0.0385
log-4,6.37813,1.569993
log-5,26.117424,4.020347
logistics.a,34.358504,14.434861
logistics.b,7.255185,1.379702
lpcmt,2.880881,1.284403
lrzip,0.024512,0.006201
m5272c3,1.328037,0.345458
mac7100evb,1.979599,0.751281
mace1,1.904264,0.721364
malta_mips32_4kc,1.927199,0.659508
malta_mips64_5kc,2.029884,0.69362
mastermind_03_08_04.net,15.636007,2.621159
mastermind_03_08_05.net,130.320841,22.241098
mastermind_04_08_04.net,73.376758,9.740651
mastermind_05_08_03.net,8.483076,1.325391
mastermind_06_08_03.net,18.630409,3.394602
mastermind_10_08_03.net,154.778321,25.431481
mb93091,3.083636,1.388404
mb93093,2.087421,0.64611
mbx,4.602559,1.134422
mcb2100,2.886539,1.090357
medium,0.025679,0.006602
mixdup,0.034502,0.011175
moab,3.147831,1.259584
mpc50,1.85776,0.509011
nano,3.389361,2.00025
npwr,3.318537,1.175598
ocelot,2.367699,1.123447
olpce2294,3.802514,1.76781
olpch2294,4.655119,1.749796
olpcl2294,3.057897,1.605133
or-100-10-1-UC-10,273.565947,504.360722
or-100-10-1-UC-20,0.302676,0.145146
or-100-10-1-UC-30,0.068544,0.028211
or-100-10-1-UC-40,0.068164,0.0077
or-100-10-1-UC-50,0.02775,0.013053
or-100-10-1-UC-60,0.040595,0.014692
or-100-10-10-UC-20,0.424297,0.186327
or-100-10-10-UC-30,0.066021,0.024171
or-100-10-10-UC-40,0.046133,0.008538
or-100-10-10-UC-50,0.070713,0.092478
or-100-10-10-UC-60,0.035143,0.006774
or-100-10-2-UC-20,2.519791,3.768134
or-100-10-2-UC-30,0.778472,0.825866
or-100-10-2-UC-40,0.059005,0.011367
or-100-10-2-UC-50,0.097318,0.011412
or-100-10-2-UC-60,0.034156,0.009253
or-100-10-3-UC-20,24.284849,57.152884
or-100-10-3-UC-30,0.171826,0.118911
or-100-10-3-UC-40,0.045823,0.008935
or-100-10-3-UC-50,0.034991,0.007087
or-100-10-3-UC-60,0.034897,0.007624
or-100-10-4-UC-20,4.431071,7.472775
or-100-10-4-UC-30,0.335977,0.218211
or-100-10-4-UC-40,0.071925,0.031308
or-100-10-4-UC-50,0.046992,0.009194
or-100-10-4-UC-60,0.030645,0.007248
or-100-10-5-UC-10,-1,-1
or-100-10-5-UC-20,3.695456,7.943777
or-100-10-5-UC-30,0.432055,0.420536
or-100-10-5-UC-40,0.095533,0.025488
or-100-10-5-UC-50,0.108743,0.027331
or-100-10-5-UC-60,0.03618,0.006696
or-100-10-6-UC-20,4.535369,6.096984
or-100-10-6-UC-30,0.108759,0.049953
or-100-10-6-UC-40,0.152857,0.015745
or-100-10-6-UC-50,0.047937,0.006917
or-100-10-6-UC-60,0.068095,0.009049
or-100-10-7-UC-10,443.107308,996.03603
or-100-10-7-UC-20,4.769282,9.446838
or-100-10-7-UC-30,0.213948,0.079538
or-100-10-7-UC-40,0.140552,0.05751
or-100-10-7-UC-50,0.052703,0.009207
or-100-10-7-UC-60,0.031465,0.007481
or-100-10-8-UC-10,400.933946,630.064824
or-100-10-8-UC-20,1.483151,1.733644
or-100-10-8-UC-30,0.666971,0.482227
or-100-10-8-UC-40,0.067355,0.014241
or-100-10-8-UC-50,0.056038,0.015738
or-100-10-8-UC-60,0.086794,0.14287
or-100-10-9-UC-20,27.569755,43.651267
or-100-10-9-UC-30,1.429135,1.965719
or-100-10-9-UC-40,0.468692,0.312618
or-100-10-9-UC-50,0.067751,0.018206
or-100-10-9-UC-60,0.052527,0.010349
or-100-20-1-UC-20,798.709318,-1
or-100-20-1-UC-30,703.063256,875.375013
or-100-20-1-UC-40,0.34366,0.238697
or-100-20-1-UC-50,0.190219,0.016866
or-100-20-1-UC-60,0.085102,0.018627
or-100-20-10-UC-20,142.161144,283.303747
or-100-20-10-UC-30,3.176813,5.993065
or-100-20-10-UC-40,1.296381,2.388713
or-100-20-10-UC-50,0.153768,0.10399
or-100-20-10-UC-60,0.177812,0.034418
or-100-20-2-UC-10,926.806261,-1
or-100-20-2-UC-20,74.171652,134.406021
or-100-20-2-UC-30,10.484461,20.119499
or-100-20-2-UC-40,0.127833,0.051152
or-100-20-2-UC-50,37.029758,74.412058
or-100-20-2-UC-60,5.644258,10.561653
or-100-20-3-UC-30,34.761074,58.39788
or-100-20-3-UC-40,2.835201,4.705771
or-100-20-3-UC-50,0.07159,0.010782
or-100-20-3-UC-60,0.041655,0.014382
or-100-20-4-UC-10,-1,-1
or-100-20-4-UC-20,26.52421,41.340513
or-100-20-4-UC-30,60.776003,102.262579
or-100-20-4-UC-40,1.738425,2.779496
or-100-20-4-UC-50,0.151042,0.071494
or-100-20-4-UC-60,0.127263,0.08553
or-100-20-5-UC-20,145.462574,258.519196
or-100-20-5-UC-30,11.504769,20.41901
or-100-20-5-UC-40,0.283643,0.126642
or-100-20-5-UC-50,0.108343,0.022973
or-100-20-5-UC-60,0.055024,0.013117
or-100-20-6-UC-20,90.463077,215.243267
or-100-20-6-UC-30,1.597393,1.589938
or-100-20-6-UC-40,0.722316,0.513507
or-100-20-6-UC-50,0.342086,0.125985
or-100-20-6-UC-60,0.034868,0.0084
or-100-20-7-UC-10,-1,-1
or-100-20-7-UC-20,119.235123,203.182808
or-100-20-7-UC-30,2.702977,5.356473
or-100-20-7-UC-40,2.592175,5.512666
or-100-20-7-UC-50,0.408724,0.229072
or-100-20-7-UC-60,0.045497,0.025279
or-100-20-8-UC-20,70.636089,111.635323
or-100-20-8-UC-30,9.026442,19.540897
or-100-20-8-UC-40,2.049615,2.827075
or-100-20-8-UC-50,0.282875,0.091475
or-100-20-8-UC-60,0.070643,0.030358
or-100-20-9-UC-20,61.353983,123.642793
or-100-20-9-UC-30,3.457401,6.404066
or-100-20-9-UC-40,0.071067,0.012145
or-100-20-9-UC-50,0.025919,0.007395
or-100-20-9-UC-60,0.062819,0.007838
or-100-5-1-UC-10,26.676144,42.961725
or-100-5-1-UC-20,0.458115,0.196237
or-100-5-1-UC-30,0.05025,0.040851
or-100-5-1-UC-40,0.048588,0.013109
or-100-5-1-UC-50,0.035824,0.007814
or-100-5-1-UC-60,0.028983,0.007289
or-100-5-10-UC-10,97.099612,234.714535
or-100-5-10-UC-20,0.523559,0.25749
or-100-5-10-UC-30,0.05047,0.022139
or-100-5-10-UC-40,0.045437,0.015068
or-100-5-10-UC-50,0.02855,0.006768
or-100-5-10-UC-60,0.038368,0.009232
or-100-5-2-UC-10,465.435485,748.440295
or-100-5-2-UC-20,1.746265,2.086341
or-100-5-2-UC-30,0.325547,0.186122
or-100-5-2-UC-40,0.155669,0.022173
or-100-5-2-UC-50,0.083785,0.011778
or-100-5-2-UC-60,0.043191,0.010574
or-100-5-3-UC-10,1.42014,1.350019
or-100-5-3-UC-20,0.202913,0.046572
or-100-5-3-UC-30,0.068306,0.018113
or-100-5-3-UC-40,0.043447,0.010631
or-100-5-3-UC-50,0.040447,0.009194
or-100-5-3-UC-60,0.030525,0.007188
or-100-5-4-UC-10,777.436144,796.75729
or-100-5-4-UC-20,306.709089,377.783155
or-100-5-4-UC-30,0.24255,0.087079
or-100-5-4-UC-40,0.045668,0.013162
or-100-5-4-UC-50,0.044544,0.01554
or-100-5-4-UC-60,0.039689,0.007042
or-100-5-5-UC-20,2.903643,5.405481
or-100-5-5-UC-30,0.124248,0.046086
or-100-5-5-UC-40,0.046474,0.010371
or-100-5-5-UC-50,0.042524,0.01465
or-100-5-5-UC-60,0.038984,0.008212
or-100-5-6-UC-10,7.648531,16.213429
or-100-5-6-UC-20,0.091374,0.063656
or-100-5-6-UC-30,0.105081,0.091543
or-100-5-6-UC-40,0.082202,0.01538
or-100-5-6-UC-50,0.039012,0.008986
or-100-5-6-UC-60,0.045906,0.027195
or-100-5-7-UC-10,144.092819,266.139991
or-100-5-7-UC-20,7.176775,13.121836
or-100-5-7-UC-30,0.192829,0.040875
or-100-5-7-UC-40,0.064567,0.010277
or-100-5-7-UC-50,0.045798,0.008908
or-100-5-7-UC-60,0.030189,0.024217
or-100-5-8-UC-20,1.150379,2.053689
or-100-5-8-UC-30,0.08075,0.020089
or-100-5-8-UC-40,0.046418,0.009336
or-100-5-8-UC-50,0.04209,0.015251
or-100-5-8-UC-60,0.033633,0.0068
or-100-5-9-UC-10,73.946894,153.576652
or-100-5-9-UC-20,0.762694,0.942417
or-100-5-9-UC-30,0.047805,0.0115
or-100-5-9-UC-40,0.03797,0.008002
or-100-5-9-UC-50,0.09626,0.014733
or-100-5-9-UC-60,0.034893,0.007424
or-50-10-1,21.580046,49.797072
or-50-10-1-UC-10,1.015268,1.49053
or-50-10-1-UC-20,0.08303,0.048381
or-50-10-1-UC-30,0.086598,0.096106
or-50-10-1-UC-40,0.033282,0.022537
or-50-10-10,26.76467,58.322086
or-50-10-10-UC-10,0.14772,0.065731
or-50-10-10-UC-20,0.041194,0.008024
or-50-10-10-UC-30,0.083001,0.011631
or-50-10-10-UC-40,0.038739,0.00763
or-50-10-2,6.755987,15.191918
or-50-10-2-UC-10,0.102561,0.052479
or-50-10-2-UC-20,0.04326,0.010736
or-50-10-2-UC-30,0.069434,0.046861
or-50-10-2-UC-40,0.030724,0.00692
or-50-10-3,18.450545,33.111836
or-50-10-3-UC-10,0.30329,0.19385
or-50-10-3-UC-20,0.17296,0.135859
or-50-10-3-UC-30,0.081367,0.009953
or-50-10-3-UC-40,0.039885,0.007482
or-50-10-4,14.99607,29.361037
or-50-10-4-UC-10,0.764133,0.786431
or-50-10-4-UC-20,0.113855,0.081297
or-50-10-4-UC-30,0.142496,0.013327
or-50-10-4-UC-40,0.119394,0.018708
or-50-10-5,12.109855,23.286175
or-50-10-5-UC-10,0.794359,1.321914
or-50-10-5-UC-20,0.297952,0.384886
or-50-10-5-UC-30,0.414622,0.201102
or-50-10-5-UC-40,0.070096,0.019518
or-50-10-6,21.90256,45.349774
or-50-10-6-UC-10,0.539156,1.007897
or-50-10-6-UC-20,0.311075,0.076177
or-50-10-6-UC-30,0.090741,0.044869
or-50-10-6-UC-40,0.06171,0.016949
or-50-10-7,15.0955,34.934425
or-50-10-7-UC-10,7.725512,14.141376
or-50-10-7-UC-20,0.176867,0.07808
or-50-10-7-UC-30,0.076597,0.024815
or-50-10-7-UC-40,0.045396,0.008512
or-50-10-8,29.122322,59.712991
or-50-10-8-UC-10,0.12992,0.061154
or-50-10-8-UC-20,0.053121,0.00999
or-50-10-8-UC-30,0.037759,0.008668
or-50-10-8-UC-40,0.028012,0.006806
or-50-10-9,17.905315,35.738739
or-50-10-9-UC-10,1.105186,2.668951
or-50-10-9-UC-20,0.170634,0.123529
or-50-10-9-UC-30,0.126615,0.014239
or-50-10-9-UC-40,0.05376,0.014322
or-50-20-1,22.167429,59.022768
or-50-20-1-UC-10,5.995221,13.724149
or-50-20-1-UC-20,0.319434,0.174206
or-50-20-1-UC-30,0.082932,0.027256
or-50-20-1-UC-40,0.098275,0.015139
or-50-20-10,28.390551,58.089494
or-50-20-10-UC-10,1.004159,1.847882
or-50-20-10-UC-20,0.976197,0.764682
or-50-20-10-UC-30,0.22577,0.117704
or-50-20-10-UC-40,0.19647,0.044566
or-50-20-2,10.439106,25.152056
or-50-20-2-UC-10,10.995681,21.809561
or-50-20-2-UC-20,0.656783,0.98943
or-50-20-2-UC-30,0.268561,0.117645
or-50-20-2-UC-40,0.093916,0.029904
or-50-20-3,34.669947,68.851423
or-50-20-3-UC-10,2.983965,6.746729
or-50-20-3-UC-20,0.242987,0.054021
or-50-20-3-UC-30,0.072825,0.04461
or-50-20-3-UC-40,0.062618,0.008289
or-50-20-4,5.73005,14.142084
or-50-20-4-UC-10,0.2333,0.208093
or-50-20-4-UC-20,0.107464,0.064857
or-50-20-4-UC-30,0.175382,0.07542
or-50-20-4-UC-40,0.219643,0.042232
or-50-20-5,22.442146,46.246504
or-50-20-5-UC-10,2.116775,3.928065
or-50-20-5-UC-20,0.617936,0.801541
or-50-20-5-UC-30,0.103169,0.040699
or-50-20-5-UC-40,0.065066,0.031473
or-50-20-6,19.709003,40.871622
or-50-20-6-UC-10,0.848547,1.690764
or-50-20-6-UC-20,0.265222,0.136188
or-50-20-6-UC-30,0.123525,0.031058
or-50-20-6-UC-40,0.04385,0.00962
or-50-20-7,29.206464,66.769929
or-50-20-7-UC-10,0.650409,0.848273
or-50-20-7-UC-20,0.116438,0.062576
or-50-20-7-UC-30,0.096988,0.021001
or-50-20-7-UC-40,0.094451,0.012506
or-50-20-8,10.65376,28.91642
or-50-20-8-UC-10,0.342138,0.322446
or-50-20-8-UC-20,0.160781,0.107886
or-50-20-8-UC-30,0.124787,0.020944
or-50-20-8-UC-40,0.045992,0.011335
or-50-20-9,35.940288,74.619172
or-50-20-9-UC-10,2.418522,5.345178
or-50-20-9-UC-20,0.271697,0.093671
or-50-20-9-UC-30,0.059686,0.012863
or-50-20-9-UC-40,0.053923,0.013597
or-50-5-1,9.514968,20.694197
or-50-5-1-UC-10,0.491243,0.401228
or-50-5-1-UC-20,0.066053,0.013925
or-50-5-1-UC-30,0.044998,0.006524
or-50-5-1-UC-40,0.029824,0.006845
or-50-5-10,12.067851,23.955069
or-50-5-10-UC-10,0.18208,0.12951
or-50-5-10-UC-20,0.122969,0.030325
or-50-5-10-UC-30,0.033528,0.006555
or-50-5-10-UC-40,0.057112,0.007615
or-50-5-2,64.696099,141.180225
or-50-5-2-UC-10,4.335163,9.398831
or-50-5-2-UC-20,0.152361,0.091779
or-50-5-2-UC-30,0.055501,0.015951
or-50-5-2-UC-40,0.035598,0.008039
or-50-5-3,11.87624,29.42136
or-50-5-3-UC-10,0.140711,0.033658
or-50-5-3-UC-20,0.032224,0.007993
or-50-5-3-UC-30,0.040778,0.007084
or-50-5-3-UC-40,0.028294,0.007142
or-50-5-4,25.212304,51.148354
or-50-5-4-UC-10,4.17404,7.758077
or-50-5-4-UC-20,1.189758,1.940799
or-50-5-4-UC-30,0.070785,0.02555
or-50-5-4-UC-40,0.054274,0.009145
or-50-5-5,31.903912,78.433527
or-50-5-5-UC-10,4.78774,10.42713
or-50-5-5-UC-20,0.149565,0.055339
or-50-5-5-UC-30,0.04917,0.016613
or-50-5-5-UC-40,0.029869,0.007171
or-50-5-6,14.102392,30.630026
or-50-5-6-UC-10,0.144235,0.06709
or-50-5-6-UC-20,0.049901,0.009669
or-50-5-6-UC-30,0.03079,0.014479
or-50-5-6-UC-40,0.031932,0.007304
or-50-5-7,30.442362,57.602951
or-50-5-7-UC-10,3.931788,7.384409
or-50-5-7-UC-20,0.055486,0.017917
or-50-5-7-UC-30,0.121673,0.013783
or-50-5-7-UC-40,0.029426,0.006463
or-50-5-8,40.218668,92.320168
or-50-5-8-UC-10,0.814166,1.384163
or-50-5-8-UC-20,0.090398,0.055323
or-50-5-8-UC-30,0.045057,0.008076
or-50-5-8-UC-40,0.039534,0.023924
or-50-5-9,35.369894,97.967147
or-50-5-9-UC-10,0.845598,1.47405
or-50-5-9-UC-20,0.21587,0.104673
or-50-5-9-UC-30,0.048089,0.012212
or-50-5-9-UC-40,0.037227,0.020521
or-60-10-1,358.304472,714.819642
or-60-10-1-UC-10,7.481176,14.713655
or-60-10-1-UC-20,2.146962,3.600149
or-60-10-1-UC-30,0.242835,0.092985
or-60-10-1-UC-40,0.166327,0.076121
or-60-10-10,63.780145,135.353783
or-60-10-10-UC-10,10.761493,21.878272
or-60-10-10-UC-20,0.155556,0.059074
or-60-10-10-UC-30,0.059154,0.027282
or-60-10-10-UC-40,0.071998,0.054194
or-60-10-2,131.372515,281.158985
or-60-10-2-UC-10,4.392618,10.872228
or-60-10-2-UC-20,0.349896,0.333754
or-60-10-2-UC-30,0.03929,0.013981
or-60-10-2-UC-40,0.057593,0.00785
or-60-10-3,168.298063,344.091867
or-60-10-3-UC-10,25.372056,58.100145
or-60-10-3-UC-20,1.257161,2.054166
or-60-10-3-UC-30,0.15044,0.146224
or-60-10-3-UC-40,0.093969,0.026528
or-60-10-4,188.636546,372.703632
or-60-10-4-UC-10,2.078938,3.806605
or-60-10-4-UC-20,0.082857,0.020967
or-60-10-4-UC-30,0.032342,0.007665
or-60-10-4-UC-40,0.051903,0.019797
or-60-10-5,75.343209,180.236134
or-60-10-5-UC-10,0.601867,0.895906
or-60-10-5-UC-20,0.233291,0.041155
or-60-10-5-UC-30,0.043864,0.036312
or-60-10-5-UC-40,0.041621,0.007733
or-60-10-6,121.187185,245.238032
or-60-10-6-UC-10,20.337862,43.825417
or-60-10-6-UC-20,0.072499,0.030459
or-60-10-6-UC-30,0.047287,0.014245
or-60-10-6-UC-40,0.037625,0.009072
or-60-10-7,278.909683,708.408379
or-60-10-7-UC-10,1.0234,1.632246
or-60-10-7-UC-20,0.074446,0.037394
or-60-10-7-UC-30,0.11966,0.031425
or-60-10-7-UC-40,0.03638,0.008217
or-60-10-8,222.706751,483.073058
or-60-10-8-UC-10,0.315952,0.128444
or-60-10-8-UC-20,0.122734,0.073662
or-60-10-8-UC-30,0.088306,0.117155
or-60-10-8-UC-40,0.044396,0.00766
or-60-10-9,185.163408,377.731779
or-60-10-9-UC-10,0.634136,0.914341
or-60-10-9-UC-20,0.082016,0.035422
or-60-10-9-UC-30,0.053994,0.00848
or-60-10-9-UC-40,0.029843,0.008899
or-60-20-1,72.619611,147.782824
or-60-20-1-UC-10,27.351763,52.632669
or-60-20-1-UC-20,0.130056,0.072632
or-60-20-1-UC-30,0.070826,0.030331
or-60-20-1-UC-40,0.16286,0.022859
or-60-20-10,104.04298,231.259834
or-60-20-10-UC-10,11.772232,24.07068
or-60-20-10-UC-20,2.380015,3.405637
or-60-20-10-UC-30,0.515698,0.226241
or-60-20-10-UC-40,0.13452,0.046236
or-60-20-2,139.117047,265.607673
or-60-20-2-UC-10,25.453383,47.870927
or-60-20-2-UC-20,0.425895,0.425709
or-60-20-2-UC-30,0.05014,0.015022
or-60-20-2-UC-40,0.040767,0.007993
or-60-20-3,77.686423,157.021703
or-60-20-3-UC-10,0.517229,0.344631
or-60-20-3-UC-20,0.210253,0.112553
or-60-20-3-UC-30,0.08417,0.045038
or-60-20-3-UC-40,0.14427,0.031602
or-60-20-4,82.597664,192.740347
or-60-20-4-UC-10,39.160673,78.292287
or-60-20-4-UC-20,4.036114,6.91713
or-60-20-4-UC-30,0.953953,0.916995
or-60-20-4-UC-40,0.861421,0.760777
or-60-20-5,107.860818,228.848226
or-60-20-5-UC-10,26.201998,49.393352
or-60-20-5-UC-20,23.297608,50.127475
or-60-20-5-UC-30,1.344036,2.724197
or-60-20-5-UC-40,0.135683,0.046112
or-60-20-6,205.243749,475.387529
or-60-20-6-UC-10,82.104733,208.761421
or-60-20-6-UC-20,3.627731,8.661591
or-60-20-6-UC-30,1.229175,2.231697
or-60-20-6-UC-40,0.411213,0.154772
or-60-20-7,199.226471,438.551377
or-60-20-7-UC-10,26.127189,51.09362
or-60-20-7-UC-20,11.740498,23.125182
or-60-20-7-UC-30,0.322148,0.52769
or-60-20-7-UC-40,0.04866,0.018436
or-60-20-8,44.602338,82.141229
or-60-20-8-UC-10,3.545092,10.196006
or-60-20-8-UC-20,0.201612,0.049632
or-60-20-8-UC-30,0.144159,0.014435
or-60-20-8-UC-40,0.064648,0.008181
or-60-20-9,275.18347,518.170357
or-60-20-9-UC-10,1.884323,3.359651
or-60-20-9-UC-20,0.095598,0.022343
or-60-20-9-UC-30,0.046676,0.015365
or-60-20-9-UC-40,0.073083,0.118386
or-60-5-1,116.307417,241.979184
or-60-5-1-UC-10,0.200325,0.144891
or-60-5-1-UC-20,0.241651,0.084144
or-60-5-1-UC-30,0.240028,0.031559
or-60-5-1-UC-40,0.041725,0.007913
or-60-5-10,140.498797,303.219026
or-60-5-10-UC-10,0.244352,0.168062
or-60-5-10-UC-20,0.109337,0.044193
or-60-5-10-UC-30,0.040105,0.007895
or-60-5-10-UC-40,0.03658,0.007135
or-60-5-2,147.500292,340.597093
or-60-5-2-UC-10,0.572772,0.758668
or-60-5-2-UC-20,0.084189,0.031699
or-60-5-2-UC-30,0.062333,0.02083
or-60-5-2-UC-40,0.04226,0.009385
or-60-5-3,137.771173,277.825453
or-60-5-3-UC-10,24.478437,42.876356
or-60-5-3-UC-20,0.550829,0.808539
or-60-5-3-UC-30,0.03646,0.008161
or-60-5-3-UC-40,0.060259,0.011257
or-60-5-4,40.517499,88.007343
or-60-5-4-UC-10,0.103993,0.066778
or-60-5-4-UC-20,0.062317,0.007302
or-60-5-4-UC-30,0.039667,0.015126
or-60-5-4-UC-40,0.06526,0.080755
or-60-5-5,128.089674,304.838429
or-60-5-5-UC-10,0.913899,1.127839
or-60-5-5-UC-20,0.094248,0.012217
or-60-5-5-UC-30,0.064912,0.013378
or-60-5-5-UC-40,0.029714,0.006609
or-60-5-6,485.299898,1070.680757
or-60-5-6-UC-10,1.569698,2.839368
or-60-5-6-UC-20,0.036493,0.008989
or-60-5-6-UC-30,0.041399,0.014899
or-60-5-6-UC-40,0.027349,0.006338
or-60-5-7,111.578289,259.075466
or-60-5-7-UC-10,0.183871,0.09149
or-60-5-7-UC-20,0.079303,0.02082
or-60-5-7-UC-30,0.098259,0.012193
or-60-5-7-UC-40,0.035043,0.008176
or-60-5-8,168.691954,324.124511
or-60-5-8-UC-10,8.624253,17.654835
or-60-5-8-UC-20,0.078722,0.021689
or-60-5-8-UC-30,0.045098,0.007724
or-60-5-8-UC-40,0.037291,0.008415
or-60-5-9,87.255207,154.792262
or-60-5-9-UC-10,0.856477,1.281836
or-60-5-9-UC-20,0.063669,0.011891
or-60-5-9-UC-30,0.040325,0.008592
or-60-5-9-UC-40,0.03586,0.007966
or-70-10-1,394.144007,850.660964
or-70-10-1-UC-10,1.670315,2.552937
or-70-10-1-UC-20,0.113905,0.042528
or-70-10-1-UC-30,0.139018,0.021564
or-70-10-1-UC-40,0.094293,0.011322
or-70-10-10,-1,-1
or-70-10-10-UC-10,21.434912,44.151048
or-70-10-10-UC-20,0.215663,0.14458
or-70-10-10-UC-30,0.085914,0.01453
or-70-10-10-UC-40,0.106309,0.016334
or-70-10-2,614.762112,968.715948
or-70-10-2-UC-10,40.042343,77.710282
or-70-10-2-UC-20,0.578082,0.613009
or-70-10-2-UC-30,0.204169,0.063786
or-70-10-2-UC-40,0.039948,0.008008
or-70-10-3,844.350012,-1
or-70-10-3-UC-10,1.13933,1.543455
or-70-10-3-UC-20,0.160991,0.053509
or-70-10-3-UC-30,0.153385,0.015552
or-70-10-3-UC-40,0.029503,0.007204
or-70-10-4,605.798281,978.19139
or-70-10-4-UC-10,34.318462,60.38313
or-70-10-4-UC-20,6.063314,12.435623
or-70-10-4-UC-30,1.630436,2.191135
or-70-10-4-UC-40,0.172545,0.111888
or-70-10-5,940.121015,-1
or-70-10-5-UC-10,23.515038,42.685424
or-70-10-5-UC-20,0.27693,0.158386
or-70-10-5-UC-30,0.053127,0.011592
or-70-10-5-UC-40,0.034419,0.008022
or-70-10-6,681.490592,-1
or-70-10-6-UC-10,8.136804,15.563352
or-70-10-6-UC-20,0.468479,0.747567
or-70-10-6-UC-30,0.056431,0.009661
or-70-10-6-UC-40,0.031,0.007176
or-70-10-7,-1,-1
or-70-10-7-UC-10,53.53616,126.171953
or-70-10-7-UC-20,2.753857,4.879629
or-70-10-7-UC-30,0.112977,0.042492
or-70-10-7-UC-40,0.151235,0.018088
or-70-10-8,710.023918,868.017071
or-70-10-8-UC-10,1.150191,1.869231
or-70-10-8-UC-20,0.07838,0.015461
or-70-10-8-UC-30,0.035722,0.009865
or-70-10-8-UC-40,0.039579,0.01443
or-70-10-9,-1,-1
or-70-10-9-UC-10,1.28316,1.929784
or-70-10-9-UC-20,0.232703,0.029761
or-70-10-9-UC-30,0.09107,0.027993
or-70-10-9-UC-40,0.042041,0.013159
or-70-20-1,-1,-1
or-70-20-1-UC-10,3.808359,6.713701
or-70-20-1-UC-20,0.621688,0.831902
or-70-20-1-UC-30,0.576512,0.495216
or-70-20-1-UC-40,0.17841,0.097524
or-70-20-10,-1,-1
or-70-20-10-UC-10,25.382692,49.32824
or-70-20-10-UC-20,135.157017,268.645994
or-70-20-10-UC-30,2.852874,7.642745
or-70-20-10-UC-40,0.368145,0.133453
or-70-20-2,722.881201,-1
or-70-20-2-UC-10,12.31058,22.216535
or-70-20-2-UC-20,0.938801,2.421884
or-70-20-2-UC-30,0.829429,1.370931
or-70-20-2-UC-40,0.123756,0.0788
or-70-20-3,-1,-1
or-70-20-3-UC-10,240.784265,451.25034
or-70-20-3-UC-20,8.31388,18.550542
or-70-20-3-UC-30,2.776921,5.376704
or-70-20-3-UC-40,0.116203,0.080637
or-70-20-4,-1,-1
or-70-20-4-UC-10,182.82956,360.662461
or-70-20-4-UC-20,14.615499,30.217474
or-70-20-4-UC-30,0.092485,0.034168
or-70-20-4-UC-40,0.054875,0.018691
or-70-20-5,318.298131,548.334985
or-70-20-5-UC-10,57.1649,114.07213
or-70-20-5-UC-20,12.760255,25.322879
or-70-20-5-UC-30,1.332519,3.223236
or-70-20-5-UC-40,0.261159,0.075404
or-70-20-6,895.021188,-1
or-70-20-6-UC-10,35.674569,65.059557
or-70-20-6-UC-20,0.426994,0.38553
or-70-20-6-UC-30,0.136542,0.016626
or-70-20-6-UC-40,0.063869,0.010102
or-70-20-7,-1,-1
or-70-20-7-UC-10,22.539604,43.917829
or-70-20-7-UC-20,2.109495,3.754463
or-70-20-7-UC-30,0.395671,0.214824
or-70-20-7-UC-40,0.102395,0.036505
or-70-20-8,-1,-1
or-70-20-8-UC-10,264.531151,487.41082
or-70-20-8-UC-20,56.085257,124.937235
or-70-20-8-UC-30,0.756973,1.104642
or-70-20-8-UC-40,0.262799,0.157793
or-70-20-9,-1,-1
or-70-20-9-UC-10,0.575126,0.2477
or-70-20-9-UC-20,0.067739,0.018262
or-70-20-9-UC-30,0.044752,0.010233
or-70-20-9-UC-40,0.044974,0.011058
or-70-5-1,236.731762,684.805691
or-70-5-1-UC-10,2.761324,4.239104
or-70-5-1-UC-20,0.043252,0.020991
or-70-5-1-UC-30,0.058029,0.012792
or-70-5-1-UC-40,0.030753,0.007518
or-70-5-10,960.905524,-1
or-70-5-10-UC-10,2.965553,5.287962
or-70-5-10-UC-20,0.16504,0.062934
or-70-5-10-UC-30,0.086145,0.046409
or-70-5-10-UC-40,0.044808,0.016111
or-70-5-2,460.889055,1029.298034
or-70-5-2-UC-10,4.109907,6.543369
or-70-5-2-UC-20,0.43055,0.24668
or-70-5-2-UC-30,0.03291,0.012566
or-70-5-2-UC-40,0.053992,0.015706
or-70-5-3,-1,-1
or-70-5-3-UC-10,0.121777,0.027896
or-70-5-3-UC-20,0.037287,0.008422
or-70-5-3-UC-30,0.058013,0.008436
or-70-5-3-UC-40,0.033112,0.007608
or-70-5-4,877.953575,-1
or-70-5-4-UC-10,23.751506,40.410913
or-70-5-4-UC-20,0.511473,0.565669
or-70-5-4-UC-30,0.125742,0.075134
or-70-5-4-UC-40,0.038747,0.008368
or-70-5-5,680.347457,-1
or-70-5-5-UC-10,1.303065,1.708095
or-70-5-5-UC-20,0.357002,0.35529
or-70-5-5-UC-30,0.047039,0.027835
or-70-5-5-UC-40,0.034337,0.008599
or-70-5-6,-1,-1
or-70-5-6-UC-10,85.858906,152.398062
or-70-5-6-UC-20,0.581374,0.28729
or-70-5-6-UC-30,0.079541,0.017114
or-70-5-6-UC-40,0.054546,0.007296
or-70-5-7,378.812244,680.449877
or-70-5-7-UC-10,12.641934,19.271406
or-70-5-7-UC-20,0.899418,0.752704
or-70-5-7-UC-30,0.039676,0.008661
or-70-5-7-UC-40,0.051771,0.060552
or-70-5-8,-1,-1
or-70-5-8-UC-10,3.163959,6.645993
or-70-5-8-UC-20,0.426536,0.254665
or-70-5-8-UC-30,0.068262,0.008088
or-70-5-8-UC-40,0.069786,0.014788
or-70-5-9,630.951824,-1
or-70-5-9-UC-10,0.269613,0.120102
or-70-5-9-UC-20,0.059219,0.014091
or-70-5-9-UC-30,0.038466,0.008664
or-70-5-9-UC-40,0.025931,0.006367
p2106,1.859244,0.684816
par16-1,0.065262,0.007567
par16-1-c,0.305921,0.006136
par16-2,0.531914,0.031386
par16-2-c,0.258498,0.009559
par16-3,0.369961,0.013574
par16-3-c,0.184831,0.006361
par16-4,0.13798,0.009148
par16-4-c,0.083857,0.007494
par16-5,0.071586,0.01012
par16-5-c,0.142605,0.006145
par8-1,0.011582,0.006922
par8-1-c,0.010329,0.018344
par8-2,0.021913,0.024944
par8-2-c,0.012728,0.006082
par8-3,0.013386,0.02112
par8-3-c,0.011203,0.006081
par8-4,0.011169,0.006367
par8-4-c,0.016119,0.011039
par8-5,0.012199,0.010584
par8-5-c,0.024246,0.008309
pati,2.962908,1.416047
pc_i82544,3.77725,1.589317
pc_i82559,1.79376,0.672113
pc_rltk8139,4.988593,2.136208
pc_usb_d12,2.723455,1.308362
pc_vmWare,2.946767,1.722404
phycore,2.839796,0.728006
phycore229x,3.609767,1.436035
picasso,3.682622,1.785906
pid,1.735498,0.755157
prob001.pddl,0.085551,0.017456
prob002.pddl,2.224541,0.092536
prob003.pddl,0.77591,0.083333
prob004-log-a,3.527219,0.438035
prob004.pddl,9.570733,1.43005
prob005.pddl,38.98971,4.379396
prob012.pddl,1610.613619,189.376381
prpmc1100,1.873691,0.488215
psim,1.299869,0.419211
qg1-07,0.077567,0.008296
qg1-08,5.26395,0.010253
qg2-07,0.117128,0.0135
qg2-08,4.945124,0.009115
qg3-08,0.190065,0.009867
qg4-09,7.216027,0.022181
qg5-11,0.512468,0.012633
qg6-09,0.083753,0.010778
qg7-09,0.038639,0.010347
qg7-13,74.332209,0.028426
ra,2.423239,1.456363
rattler,2.937866,1.734279
rb,7.311489,1.649152
rc,153.531521,28.115925
ref4955,2.948055,1.720668
refidt334,2.064449,0.755662
ring2_r6_p_t1,0.051869,0.00845
ring2_r6_p_t10,52.448971,29.721092
ring2_r6_p_t2,0.072663,0.040208
ring2_r6_p_t3,0.209865,0.028403
ring2_r6_p_t4,2.600247,1.555106
ring2_r6_p_t5,4.449892,2.767857
ring2_r6_p_t6,13.531228,5.693457
ring2_r6_p_t7,20.1647,12.893268
ring2_r6_p_t8,21.566479,11.290238
ring2_r6_p_t9,20.98774,13.643492
ring2_r8_p_t1,0.050173,0.017658
ring2_r8_p_t10,530.385293,188.083901
ring2_r8_p_t2,0.066849,0.019588
ring2_r8_p_t3,0.183093,0.055041
ring2_r8_p_t4,0.714238,0.237081
ring2_r8_p_t5,16.877294,6.984461
ring2_r8_p_t6,83.562905,36.080897
ring2_r8_p_t7,199.215596,67.834825
ring2_r8_p_t8,143.169809,63.084827
ring2_r8_p_t9,326.477398,146.419791
ring_3_p_t1,0.096316,0.019012
ring_3_p_t10,1.543903,0.675214
ring_3_p_t2,0.080814,0.015565
ring_3_p_t3,0.120237,0.046196
ring_3_p_t4,0.118797,0.050992
ring_3_p_t5,0.414748,0.090104
ring_3_p_t6,0.438137,0.122059
ring_3_p_t7,0.460398,0.241989
ring_3_p_t8,0.865986,0.462214
ring_3_p_t9,1.954884,1.05517
ring_4_p_t1,0.100173,0.012564
ring_4_p_t10,7.004835,3.972626
ring_4_p_t2,0.054377,0.011586
ring_4_p_t3,0.087167,0.017975
ring_4_p_t4,0.2043,0.057653
ring_4_p_t5,0.681294,0.293646
ring_4_p_t6,0.935756,0.377052
ring_4_p_t7,1.380171,0.849849
ring_4_p_t8,2.317102,1.170021
ring_4_p_t9,3.668802,2.609298
ring_5_p_t1,0.118565,0.012522
ring_5_p_t10,31.962705,19.027923
ring_5_p_t2,0.048725,0.020861
ring_5_p_t3,0.095048,0.025352
ring_5_p_t4,0.227061,0.049612
ring_5_p_t5,1.929648,0.914721
ring_5_p_t6,4.290655,2.142081
ring_5_p_t7,7.299552,3.806011
ring_5_p_t8,8.506087,5.425758
ring_5_p_t9,12.920287,9.139447
s1196.bench,1.120851,0.270694
s1238.bench,1.177103,0.278271
s1423.bench,1.635496,1.101851
s1488.bench,0.373457,0.070202
s1494.bench,0.126924,0.030734
s400.bench,0.057662,0.015214
s420.1.bench,0.097984,0.010999
s444.bench,0.064992,0.014442
s510.bench,0.081089,0.01171
s526.bench,0.16544,0.040145
s526n.bench,0.278159,0.102208
s641.bench,0.72749,0.221424
s713.bench,0.617374,0.100049
s820.bench,0.11687,0.02376
s832.bench,0.126362,0.035969
s838.1.bench,0.08507,0.017416
s953.bench,0.282298,0.083799
sa1100mm,2.277304,0.711956
safe_safe_10_p_t1,0.035238,0.006671
safe_safe_10_p_t10,0.057259,0.025706
safe_safe_10_p_t2,0.056914,0.044482
safe_safe_10_p_t3,0.108079,0.020794
safe_safe_10_p_t4,0.034328,0.008738
safe_safe_10_p_t5,0.081665,0.009715
safe_safe_10_p_t6,0.081931,0.017199
safe_safe_10_p_t7,0.061626,0.017891
safe_safe_10_p_t8,0.068143,0.014055
safe_safe_10_p_t9,0.062863,0.018166
safe_safe_2_p_t1,0.074079,0.013646
safe_safe_2_p_t10,0.041753,0.009278
safe_safe_2_p_t2,0.02968,0.006298
safe_safe_2_p_t3,0.038189,0.01268
safe_safe_2_p_t4,0.039204,0.008669
safe_safe_2_p_t5,0.044532,0.024127
safe_safe_2_p_t6,0.044392,0.009547
safe_safe_2_p_t7,0.06222,0.008663
safe_safe_2_p_t8,0.047388,0.01016
safe_safe_2_p_t9,0.060542,0.012348
safe_safe_30_p_t1,0.0486,0.010018
safe_safe_30_p_t10,0.10246,0.030033
safe_safe_30_p_t2,0.047276,0.010705
safe_safe_30_p_t3,0.13722,0.027075
safe_safe_30_p_t4,0.115007,0.021176
safe_safe_30_p_t5,0.076347,0.0182
safe_safe_30_p_t6,0.178075,0.043298
safe_safe_30_p_t7,0.084455,0.02474
safe_safe_30_p_t8,0.081508,0.040382
safe_safe_30_p_t9,0.112189,0.031402
safe_safe_5_p_t1,0.031576,0.008533
safe_safe_5_p_t10,0.102359,0.010331
safe_safe_5_p_t2,0.034493,0.008697
safe_safe_5_p_t3,0.069447,0.012559
safe_safe_5_p_t4,0.087705,0.013241
safe_safe_5_p_t5,0.047352,0.009063
safe_safe_5_p_t6,0.062675,0.02173
safe_safe_5_p_t7,0.066858,0.04896
safe_safe_5_p_t8,0.039189,0.009697
safe_safe_5_p_t9,0.082832,0.012831
sam7ex256,3.802865,1.793173
sat-grid-pbl-0010,0.106564,0.026638
sat-grid-pbl-0015,0.315738,0.207331
sat-grid-pbl-0020,8.750172,11.824524
sat-grid-pbl-0025,155.056427,129.74206
sat-grid-pbl-0030,1301.910226,242.348833
se7751,2.285252,1.15583
se77x9,1.755134,1.101677
sh4_202_md,1.782368,0.889726
sh7708,3.398096,1.519735
skmb91302,1.389802,0.430241
sleb,1.84324,0.525068
smdk2410,2.892844,0.970103
snds,2.483329,1.186757
sort_num_s_3_p_t1,0.081595,0.006726
sort_num_s_3_p_t10,0.543911,0.079442
sort_num_s_3_p_t2,0.110479,0.015391
sort_num_s_3_p_t3,0.098953,0.020549
sort_num_s_3_p_t4,0.081711,0.019792
sort_num_s_3_p_t5,0.257817,0.059947
sort_num_s_3_p_t6,0.167614,0.043492
sort_num_s_3_p_t7,0.412573,0.067698
sort_num_s_3_p_t8,0.386062,0.069403
sort_num_s_3_p_t9,0.30576,0.064019
sort_num_s_4_p_t1,0.115925,0.012521
sort_num_s_4_p_t10,163.785742,49.157717
sort_num_s_4_p_t2,1.985639,1.474989
sort_num_s_4_p_t3,4.636941,2.940725
sort_num_s_4_p_t4,11.442635,6.05314
sort_num_s_4_p_t5,16.400161,9.444505
sort_num_s_4_p_t6,39.906662,12.756034
sort_num_s_4_p_t7,53.676815,21.010371
sort_num_s_4_p_t8,97.822525,30.08964
sort_num_s_4_p_t9,166.000587,42.340575
sort_num_s_5_p_t1,0.03856,0.011163
sort_num_s_5_p_t2,-1,-1
sort_num_s_6_p_t1,0.061077,0.018662
sort_num_s_7_p_t1,0.088429,0.027642
sparc_erc32,2.090461,0.871806
sparc_leon,1.640023,0.553838
sparclite_sim,1.799594,0.61549
ssa7552-038,0.137201,0.034696
ssa7552-158,0.106349,0.028725
ssa7552-159,0.078517,0.021409
ssa7552-160,0.129219,0.025367
stb,2.038727,0.722477
stdeval1,2.680569,0.954856
stm3210e_eval,3.166836,1.151383
sum.32,0.241601,0.108735
tire-1,0.155358,0.019558
tire-2,0.063662,0.012148
tire-3,0.128913,0.034809
tire-4,0.187893,0.031572
toybox,0.067273,0.028489
toybox_0_7_5,0.039561,0.012254
ts1000,3.029763,1.295467
ts6,2.621789,1.229737
tx39_sim,1.366475,0.361041
uClibc,0.090051,0.024365
uClibc-ng_1_0_29,0.072919,0.013345
uClinux,0.077993,0.025192
uClinux-base,0.095481,0.015384
uClinux-config,0.247797,0.113219
uClinux-distribution,0.163628,0.072958
uE250,2.739532,0.870402
uf250-01,26.802143,5.402243
uf250-010,9.09525,0.010237
uf250-0100,16.311252,0.026565
uf250-011,23.137186,0.015559
uf250-012,4.685083,0.096338
uf250-013,8.516543,0.027552
uf250-014,12.815373,0.025409
uf250-015,8.217624,0.063473
uf250-016,11.521742,0.332421
uf250-017,12.64307,0.016237
uf250-018,8.779442,0.017215
uf250-019,35.493121,21.133726
uf250-02,21.54502,0.009352
uf250-020,7.30537,0.043243
uf250-021,35.019979,29.338617
uf250-022,12.567124,0.016964
uf250-023,9.243993,0.015661
uf250-024,10.884993,0.006375
uf250-025,7.065696,0.196456
uf250-026,6.925852,0.007326
uf250-027,9.249782,0.027352
uf250-028,5.858643,0.047851
uf250-029,23.565954,0.012222
uf250-03,11.281109,0.030062
uf250-030,12.14554,0.025158
uf250-031,20.750876,0.009161
uf250-032,25.259085,0.0092
uf250-033,18.266755,0.100786
uf250-034,3.884991,0.019999
uf250-035,6.249457,0.417711
uf250-036,19.267969,0.014462
uf250-037,14.857236,2.593727
uf250-038,32.158124,0.015055
uf250-039,7.42698,0.108969
uf250-04,49.204103,42.564975
uf250-040,9.410246,0.012839
uf250-041,5.40291,0.020839
uf250-042,17.432865,0.037584
uf250-043,8.376254,0.012572
uf250-044,6.849463,0.081471
uf250-045,6.24255,0.007621
uf250-046,12.14649,0.098538
uf250-047,16.723191,0.019172
uf250-048,7.023285,0.017732
uf250-049,12.130234,2.179702
uf250-05,9.22838,0.008165
uf250-050,3.801902,0.010839
uf250-051,6.097706,0.017476
uf250-052,4.434917,0.009722
uf250-053,5.54041,0.0138
uf250-054,8.075753,0.014507
uf250-055,9.480731,0.024507
uf250-056,23.860826,0.014464
uf250-057,1.229782,0.016512
uf250-058,16.097635,0.017985
uf250-059,12.511456,0.033011
uf250-06,11.406338,0.067038
uf250-060,16.22495,0.013693
uf250-061,4.147657,0.187197
uf250-062,10.819646,0.008499
uf250-063,15.313491,0.049495
uf250-064,4.04478,0.132103
uf250-065,15.455591,0.019139
uf250-066,13.355303,0.181052
uf250-067,8.140302,0.00917
uf250-068,9.747867,0.050909
uf250-069,11.269645,0.028188
uf250-07,9.83767,0.007747
uf250-070,17.18606,0.018021
uf250-071,18.351634,0.005412
uf250-072,11.256593,0.010953
uf250-073,14.943752,0.21324
uf250-074,13.409813,0.68112
uf250-075,4.98237,0.018267
uf250-076,10.422986,0.012716
uf250-077,9.403605,0.022297
uf250-078,7.528557,0.026017
uf250-079,17.502606,0.027542
uf250-08,10.387821,0.079488
uf250-080,7.400877,0.008459
uf250-081,14.42579,0.185095
uf250-082,6.870543,0.013854
uf250-083,21.419524,0.030204
uf250-084,22.075242,0.044222
uf250-085,6.927373,0.117186
uf250-086,14.769607,0.011248
uf250-087,26.372394,0.010537
uf250-088,24.535669,0.021786
uf250-089,15.18914,0.648827
uf250-09,6.5636,0.017764
uf250-090,8.179977,0.020645
uf250-091,12.801981,3.046242
uf250-092,11.790611,0.01252
uf250-093,6.132227,0.007311
uf250-094,11.713076,0.008379
uf250-095,10.545611,1.799362
uf250-096,11.851132,0.01704
uf250-097,9.199593,0.014254
uf250-098,12.12575,0.16617
uf250-099,17.935635,0.019221
uts_k1_p_t1,0.045335,0.006657
uts_k1_p_t10,0.226054,0.073542
uts_k1_p_t2,0.072272,0.068726
uts_k1_p_t3,0.040158,0.011424
uts_k1_p_t4,0.100526,0.017611
uts_k1_p_t5,0.102004,0.022372
uts_k1_p_t6,0.217798,0.037859
uts_k1_p_t7,0.147965,0.041201
uts_k1_p_t8,0.207218,0.057335
uts_k1_p_t9,0.165192,0.063223
uts_k2_p_t1,0.102673,0.014895
uts_k2_p_t10,490.415458,253.923143
uts_k2_p_t2,0.478332,0.259012
uts_k2_p_t3,1.640619,1.328773
uts_k2_p_t4,6.02704,4.397623
uts_k2_p_t5,18.732248,12.741003
uts_k2_p_t6,43.586298,30.371066
uts_k2_p_t7,157.30167,55.552824
uts_k2_p_t8,128.687735,65.276221
uts_k2_p_t9,248.955417,95.32076
uts_k3_p_t1,0.156861,0.064283
uts_k3_p_t2,53.87281,23.717534
uts_k3_p_t3,265.558208,160.185642
uts_k3_p_t4,1176.491443,374.925897
uts_k4_p_t1,1.483726,1.101567
uts_k5_p_t1,39.037755,21.146822
vads,2.96017,1.10881
viper,3.234832,1.471632
vrc4373,2.661926,1.101132
vrc4375,3.486734,1.4228
wff.3.150.525,-1,-1
wff.3.75.315,0.034793,0.006104
